#
# There is insufficient memory for the Java Runtime Environment to continue.
# Native memory allocation (mmap) failed to map 60817408 bytes. Error detail: G1 virtual space
# Possible reasons:
#   The system is out of physical RAM or swap space
#   This process is running with CompressedOops enabled, and the Java Heap may be blocking the growth of the native heap
# Possible solutions:
#   Reduce memory load on the system
#   Increase physical memory or swap space
#   Check if swap backing store is full
#   Decrease Java heap size (-Xmx/-Xms)
#   Decrease number of Java threads
#   Decrease Java thread stack sizes (-Xss)
#   Set larger code cache with -XX:ReservedCodeCacheSize=
#   JVM is running with Unscaled Compressed Oops mode in which the Java heap is
#     placed in the first 4GB address space. The Java Heap base address is the
#     maximum limit for the native heap growth. Please use -XX:HeapBaseMinAddress
#     to set the Java Heap base and to place the Java Heap above 4GB virtual address.
# This output file may be truncated or incomplete.
#
#  Out of Memory Error (os_windows.cpp:3925), pid=10916, tid=4144
#
# JRE version: OpenJDK Runtime Environment (21.0.9) (build 21.0.9+-14787801-b1163.94)
# Java VM: OpenJDK 64-Bit Server VM (21.0.9+-14787801-b1163.94, mixed mode, tiered, compressed oops, compressed class ptrs, g1 gc, windows-amd64)
# No core dump will be written. Minidumps are not enabled by default on client versions of Windows
#

---------------  S U M M A R Y ------------

Command Line: --add-opens=java.base/java.lang=ALL-UNNAMED --add-opens=java.base/java.lang.invoke=ALL-UNNAMED --add-opens=java.base/java.util=ALL-UNNAMED --add-opens=java.prefs/java.util.prefs=ALL-UNNAMED --add-exports=jdk.compiler/com.sun.tools.javac.api=ALL-UNNAMED --add-exports=jdk.compiler/com.sun.tools.javac.util=ALL-UNNAMED --add-opens=java.base/java.util=ALL-UNNAMED --add-opens=java.prefs/java.util.prefs=ALL-UNNAMED --add-opens=java.base/java.nio.charset=ALL-UNNAMED --add-opens=java.base/java.net=ALL-UNNAMED --add-opens=java.base/java.util.concurrent=ALL-UNNAMED --add-opens=java.base/java.util.concurrent.atomic=ALL-UNNAMED --add-opens=java.xml/javax.xml.namespace=ALL-UNNAMED --add-opens=java.base/java.time=ALL-UNNAMED -Xmx2048m -Dfile.encoding=UTF-8 -Duser.country=US -Duser.language=en -Duser.variant -javaagent:C:\Users\K.E\.gradle\wrapper\dists\gradle-9.3.1-bin\23ovyewtku6u96viwx3xl3oks\gradle-9.3.1\lib\agents\gradle-instrumentation-agent-9.3.1.jar org.gradle.launcher.daemon.bootstrap.GradleDaemon 9.3.1

Host: 11th Gen Intel(R) Core(TM) i3-1115G4 @ 3.00GHz, 4 cores, 7G,  Windows 11 , 64 bit Build 26100 (10.0.26100.8521)
Time: Fri Jul  3 23:22:05 2026 South Africa Standard Time elapsed time: 207.030206 seconds (0d 0h 3m 27s)

---------------  T H R E A D  ---------------

Current thread (0x0000017ccbdf78f0):  VMThread "VM Thread"          [id=4144, stack(0x0000003018800000,0x0000003018900000) (1024K)]

Stack: [0x0000003018800000,0x0000003018900000]
Native frames: (J=compiled Java code, j=interpreted, Vv=VM code, C=native code)
V  [jvm.dll+0x6d6c99]
V  [jvm.dll+0x866b83]
V  [jvm.dll+0x8691ae]
V  [jvm.dll+0x869893]
V  [jvm.dll+0x280776]
V  [jvm.dll+0x6d3555]
V  [jvm.dll+0x6c6bea]
V  [jvm.dll+0x3587fb]
V  [jvm.dll+0x360476]
V  [jvm.dll+0x3b2646]
V  [jvm.dll+0x3b2918]
V  [jvm.dll+0x32af0c]
V  [jvm.dll+0x32af97]
V  [jvm.dll+0x370e7c]
V  [jvm.dll+0x36f62e]
V  [jvm.dll+0x32a661]
V  [jvm.dll+0x36ed30]
V  [jvm.dll+0x86f618]
V  [jvm.dll+0x870994]
V  [jvm.dll+0x870ed0]
V  [jvm.dll+0x871163]
V  [jvm.dll+0x80f118]
V  [jvm.dll+0x6d54ed]
C  [ucrtbase.dll+0x2cd30]
C  [KERNEL32.DLL+0x2e957]
C  [ntdll.dll+0x87c1c]

VM_Operation (0x000000301bbfcad0): G1CollectForAllocation, mode: safepoint, requested by thread 0x0000017cd0669bd0


---------------  P R O C E S S  ---------------

Threads class SMR info:
_java_thread_list=0x0000017cd39093b0, length=84, elements={
0x0000017cb2cb4510, 0x0000017cd0042aa0, 0x0000017cd00471f0, 0x0000017cd00613a0,
0x0000017cd0078890, 0x0000017cd0081000, 0x0000017cd0081670, 0x0000017cd00694e0,
0x0000017cd0088500, 0x0000017cd0095740, 0x0000017cd03925e0, 0x0000017cd26fce10,
0x0000017cd29c6650, 0x0000017cd29f1220, 0x0000017cd2a9ce60, 0x0000017cd2a93550,
0x0000017cd2b12880, 0x0000017cd297c750, 0x0000017cd297a680, 0x0000017cd2979ff0,
0x0000017cd297cde0, 0x0000017cd2979960, 0x0000017cd297b3a0, 0x0000017cd297ad10,
0x0000017cd14aac50, 0x0000017cd14a84f0, 0x0000017cd14a9f30, 0x0000017cd14a77d0,
0x0000017cd14a8b80, 0x0000017cd14aa5c0, 0x0000017cd14a9210, 0x0000017cd14a98a0,
0x0000017cd35745b0, 0x0000017cd3573f20, 0x0000017cd35717c0, 0x0000017cd3573200,
0x0000017cd3574c40, 0x0000017cd3572b70, 0x0000017cd35752d0, 0x0000017cd3571e50,
0x0000017cd3575960, 0x0000017cd35724e0, 0x0000017cd3575ff0, 0x0000017cd3576680,
0x0000017cd3578750, 0x0000017cd3576d10, 0x0000017cd3577a30, 0x0000017cd35773a0,
0x0000017cd35780c0, 0x0000017cd0669bd0, 0x0000017cd066a260, 0x0000017cd0669540,
0x0000017cd066af80, 0x0000017cd0667b00, 0x0000017cd0668190, 0x0000017cd0668820,
0x0000017cd066a8f0, 0x0000017cd0668eb0, 0x0000017cd066c330, 0x0000017cd066e400,
0x0000017cd641c9f0, 0x0000017cd641a290, 0x0000017cd641c360, 0x0000017cd641afb0,
0x0000017cd641bcd0, 0x0000017cd6419c00, 0x0000017cd6419570, 0x0000017cd641d710,
0x0000017cd641dda0, 0x0000017cd641a920, 0x0000017cd641f7e0, 0x0000017cd6420500,
0x0000017cd641e430, 0x0000017cd6420b90, 0x0000017cd1548320, 0x0000017cd1545530,
0x0000017cd1544ea0, 0x0000017cd1542dd0, 0x0000017cd1543460, 0x0000017cd1543af0,
0x0000017cd1544180, 0x0000017cd1544810, 0x0000017cd1541390, 0x0000017cd15420b0
}

Java Threads: ( => current thread )
  0x0000017cb2cb4510 JavaThread "main"                              [_thread_blocked, id=18620, stack(0x0000003018100000,0x0000003018200000) (1024K)]
  0x0000017cd0042aa0 JavaThread "Common-Cleaner"             daemon [_thread_blocked, id=24260, stack(0x0000003018900000,0x0000003018a00000) (1024K)]
  0x0000017cd00471f0 JavaThread "Reference Handler"          daemon [_thread_blocked, id=10780, stack(0x0000003018a00000,0x0000003018b00000) (1024K)]
  0x0000017cd00613a0 JavaThread "Finalizer"                  daemon [_thread_blocked, id=8516, stack(0x0000003018b00000,0x0000003018c00000) (1024K)]
  0x0000017cd0078890 JavaThread "Signal Dispatcher"          daemon [_thread_blocked, id=4172, stack(0x0000003018c00000,0x0000003018d00000) (1024K)]
  0x0000017cd0081000 JavaThread "Attach Listener"            daemon [_thread_blocked, id=16900, stack(0x0000003018d00000,0x0000003018e00000) (1024K)]
  0x0000017cd0081670 JavaThread "Service Thread"             daemon [_thread_blocked, id=20944, stack(0x0000003018e00000,0x0000003018f00000) (1024K)]
  0x0000017cd00694e0 JavaThread "Monitor Deflation Thread"   daemon [_thread_blocked, id=8464, stack(0x0000003018f00000,0x0000003019000000) (1024K)]
  0x0000017cd0088500 JavaThread "C2 CompilerThread0"         daemon [_thread_blocked, id=17848, stack(0x0000003019000000,0x0000003019100000) (1024K)]
  0x0000017cd0095740 JavaThread "C1 CompilerThread0"         daemon [_thread_blocked, id=8168, stack(0x0000003019100000,0x0000003019200000) (1024K)]
  0x0000017cd03925e0 JavaThread "Notification Thread"        daemon [_thread_blocked, id=23844, stack(0x0000003019200000,0x0000003019300000) (1024K)]
  0x0000017cd26fce10 JavaThread "Daemon health stats"               [_thread_blocked, id=6700, stack(0x0000003019700000,0x0000003019800000) (1024K)]
  0x0000017cd29c6650 JavaThread "Incoming local TCP Connector on port 59345"        [_thread_in_native, id=13928, stack(0x0000003019800000,0x0000003019900000) (1024K)]
  0x0000017cd29f1220 JavaThread "Daemon periodic checks"            [_thread_blocked, id=13976, stack(0x0000003019900000,0x0000003019a00000) (1024K)]
  0x0000017cd2a9ce60 JavaThread "Daemon"                            [_thread_blocked, id=17388, stack(0x0000003019a00000,0x0000003019b00000) (1024K)]
  0x0000017cd2a93550 JavaThread "Handler for socket connection from /127.0.0.1:59345 to /127.0.0.1:59346"        [_thread_in_native, id=20352, stack(0x0000003019b00000,0x0000003019c00000) (1024K)]
  0x0000017cd2b12880 JavaThread "Cancel handler"                    [_thread_blocked, id=24000, stack(0x0000003019c00000,0x0000003019d00000) (1024K)]
  0x0000017cd297c750 JavaThread "Daemon worker"                     [_thread_blocked, id=20520, stack(0x0000003019d00000,0x0000003019e00000) (1024K)]
  0x0000017cd297a680 JavaThread "Asynchronous log dispatcher for DefaultDaemonConnection: socket connection from /127.0.0.1:59345 to /127.0.0.1:59346"        [_thread_blocked, id=11464, stack(0x0000003019e00000,0x0000003019f00000) (1024K)]
  0x0000017cd2979ff0 JavaThread "Stdin handler"                     [_thread_blocked, id=25520, stack(0x0000003019f00000,0x000000301a000000) (1024K)]
  0x0000017cd297cde0 JavaThread "Daemon client event forwarder"        [_thread_blocked, id=23428, stack(0x000000301a000000,0x000000301a100000) (1024K)]
  0x0000017cd2979960 JavaThread "Cache worker for journal cache (C:\Users\K.E\.gradle\caches\journal-1)"        [_thread_blocked, id=19404, stack(0x0000003019300000,0x0000003019400000) (1024K)]
  0x0000017cd297b3a0 JavaThread "File lock request listener"        [_thread_in_native, id=16124, stack(0x000000301a100000,0x000000301a200000) (1024K)]
  0x0000017cd297ad10 JavaThread "Cache worker for file hash cache (C:\Users\K.E\.gradle\caches\9.3.1\fileHashes)"        [_thread_blocked, id=21224, stack(0x000000301a300000,0x000000301a400000) (1024K)]
  0x0000017cd14aac50 JavaThread "Cache worker for file hash cache (D:\Desktop\ntuzakinireho\ordering_app\.gradle\9.3.1\fileHashes)"        [_thread_blocked, id=15320, stack(0x000000301a400000,0x000000301a500000) (1024K)]
  0x0000017cd14a84f0 JavaThread "Cache worker for Build Output Cleanup Cache (D:\Desktop\ntuzakinireho\ordering_app\.gradle\buildOutputCleanup)"        [_thread_blocked, id=13452, stack(0x000000301a500000,0x000000301a600000) (1024K)]
  0x0000017cd14a9f30 JavaThread "File watcher server"        daemon [_thread_blocked, id=2240, stack(0x000000301a600000,0x000000301a700000) (1024K)]
  0x0000017cd14a77d0 JavaThread "File watcher consumer"      daemon [_thread_blocked, id=20484, stack(0x000000301a700000,0x000000301a800000) (1024K)]
  0x0000017cd14a8b80 JavaThread "Cache worker for checksums cache (D:\Desktop\ntuzakinireho\ordering_app\.gradle\9.3.1\checksums)"        [_thread_blocked, id=23260, stack(0x000000301a200000,0x000000301a300000) (1024K)]
  0x0000017cd14aa5c0 JavaThread "Cache worker for file content cache (C:\Users\K.E\.gradle\caches\9.3.1\fileContent)"        [_thread_blocked, id=2808, stack(0x000000301a800000,0x000000301a900000) (1024K)]
  0x0000017cd14a9210 JavaThread "Cache worker for cache directory md-supplier (C:\Users\K.E\.gradle\caches\9.3.1\md-supplier)"        [_thread_blocked, id=16424, stack(0x000000301a900000,0x000000301aa00000) (1024K)]
  0x0000017cd14a98a0 JavaThread "Cache worker for cache directory md-rule (C:\Users\K.E\.gradle\caches\9.3.1\md-rule)"        [_thread_blocked, id=17176, stack(0x000000301aa00000,0x000000301ab00000) (1024K)]
  0x0000017cd35745b0 JavaThread "jar transforms"                    [_thread_blocked, id=4428, stack(0x000000301ac00000,0x000000301ad00000) (1024K)]
  0x0000017cd3573f20 JavaThread "jar transforms Thread 2"           [_thread_blocked, id=7644, stack(0x000000301ad00000,0x000000301ae00000) (1024K)]
  0x0000017cd35717c0 JavaThread "jar transforms Thread 3"           [_thread_blocked, id=23064, stack(0x000000301ae00000,0x000000301af00000) (1024K)]
  0x0000017cd3573200 JavaThread "Unconstrained build operations"        [_thread_blocked, id=3788, stack(0x000000301af00000,0x000000301b000000) (1024K)]
  0x0000017cd3574c40 JavaThread "Unconstrained build operations Thread 2"        [_thread_blocked, id=19940, stack(0x000000301b000000,0x000000301b100000) (1024K)]
  0x0000017cd3572b70 JavaThread "Unconstrained build operations Thread 3"        [_thread_blocked, id=1364, stack(0x000000301b100000,0x000000301b200000) (1024K)]
  0x0000017cd35752d0 JavaThread "Unconstrained build operations Thread 4"        [_thread_blocked, id=4892, stack(0x000000301b200000,0x000000301b300000) (1024K)]
  0x0000017cd3571e50 JavaThread "Unconstrained build operations Thread 5"        [_thread_blocked, id=21996, stack(0x000000301b300000,0x000000301b400000) (1024K)]
  0x0000017cd3575960 JavaThread "Unconstrained build operations Thread 6"        [_thread_blocked, id=9508, stack(0x000000301b400000,0x000000301b500000) (1024K)]
  0x0000017cd35724e0 JavaThread "jar transforms Thread 4"           [_thread_blocked, id=18904, stack(0x000000301b500000,0x000000301b600000) (1024K)]
  0x0000017cd3575ff0 JavaThread "Unconstrained build operations Thread 7"        [_thread_blocked, id=24672, stack(0x000000301b600000,0x000000301b700000) (1024K)]
  0x0000017cd3576680 JavaThread "Unconstrained build operations Thread 8"        [_thread_blocked, id=13744, stack(0x000000301b700000,0x000000301b800000) (1024K)]
  0x0000017cd3578750 JavaThread "Unconstrained build operations Thread 9"        [_thread_blocked, id=10524, stack(0x000000301b800000,0x000000301b900000) (1024K)]
  0x0000017cd3576d10 JavaThread "Unconstrained build operations Thread 10"        [_thread_blocked, id=720, stack(0x0000003017e00000,0x0000003017f00000) (1024K)]
  0x0000017cd3577a30 JavaThread "Unconstrained build operations Thread 11"        [_thread_blocked, id=4940, stack(0x0000003017f00000,0x0000003018000000) (1024K)]
  0x0000017cd35773a0 JavaThread "Unconstrained build operations Thread 12"        [_thread_blocked, id=22656, stack(0x0000003018000000,0x0000003018100000) (1024K)]
  0x0000017cd35780c0 JavaThread "Unconstrained build operations Thread 13"        [_thread_blocked, id=20036, stack(0x000000301ba00000,0x000000301bb00000) (1024K)]
  0x0000017cd0669bd0 JavaThread "Unconstrained build operations Thread 14"        [_thread_blocked, id=18184, stack(0x000000301bb00000,0x000000301bc00000) (1024K)]
  0x0000017cd066a260 JavaThread "Unconstrained build operations Thread 15"        [_thread_blocked, id=14140, stack(0x000000301bc00000,0x000000301bd00000) (1024K)]
  0x0000017cd0669540 JavaThread "Unconstrained build operations Thread 16"        [_thread_blocked, id=568, stack(0x000000301bd00000,0x000000301be00000) (1024K)]
  0x0000017cd066af80 JavaThread "Unconstrained build operations Thread 17"        [_thread_blocked, id=18308, stack(0x000000301be00000,0x000000301bf00000) (1024K)]
  0x0000017cd0667b00 JavaThread "Unconstrained build operations Thread 18"        [_thread_blocked, id=15152, stack(0x000000301bf00000,0x000000301c000000) (1024K)]
  0x0000017cd0668190 JavaThread "Unconstrained build operations Thread 19"        [_thread_blocked, id=23036, stack(0x000000301c000000,0x000000301c100000) (1024K)]
  0x0000017cd0668820 JavaThread "Unconstrained build operations Thread 20"        [_thread_blocked, id=12672, stack(0x000000301c100000,0x000000301c200000) (1024K)]
  0x0000017cd066a8f0 JavaThread "Unconstrained build operations Thread 21"        [_thread_blocked, id=23256, stack(0x000000301c200000,0x000000301c300000) (1024K)]
  0x0000017cd0668eb0 JavaThread "build event listener"              [_thread_blocked, id=19796, stack(0x000000301c300000,0x000000301c400000) (1024K)]
  0x0000017cd066c330 JavaThread "Memory manager"                    [_thread_blocked, id=24588, stack(0x000000301c400000,0x000000301c500000) (1024K)]
  0x0000017cd066e400 JavaThread "build event listener"              [_thread_blocked, id=22272, stack(0x000000301c500000,0x000000301c600000) (1024K)]
  0x0000017cd641c9f0 JavaThread "included builds"                   [_thread_blocked, id=15264, stack(0x000000301c600000,0x000000301c700000) (1024K)]
  0x0000017cd641a290 JavaThread "Execution worker"                  [_thread_blocked, id=25140, stack(0x000000301c700000,0x000000301c800000) (1024K)]
  0x0000017cd641c360 JavaThread "Execution worker Thread 2"         [_thread_blocked, id=14668, stack(0x000000301c800000,0x000000301c900000) (1024K)]
  0x0000017cd641afb0 JavaThread "Execution worker Thread 3"         [_thread_blocked, id=9328, stack(0x000000301c900000,0x000000301ca00000) (1024K)]
  0x0000017cd641bcd0 JavaThread "Cache worker for execution history cache (D:\Desktop\ntuzakinireho\ordering_app\.gradle\9.3.1\executionHistory)"        [_thread_blocked, id=23384, stack(0x000000301ca00000,0x000000301cb00000) (1024K)]
  0x0000017cd6419c00 JavaThread "Unconstrained build operations Thread 22"        [_thread_blocked, id=3752, stack(0x000000301cb00000,0x000000301cc00000) (1024K)]
  0x0000017cd6419570 JavaThread "Unconstrained build operations Thread 23"        [_thread_blocked, id=19780, stack(0x000000301cc00000,0x000000301cd00000) (1024K)]
  0x0000017cd641d710 JavaThread "Unconstrained build operations Thread 24"        [_thread_blocked, id=15296, stack(0x000000301cd00000,0x000000301ce00000) (1024K)]
  0x0000017cd641dda0 JavaThread "Unconstrained build operations Thread 25"        [_thread_blocked, id=21932, stack(0x000000301ce00000,0x000000301cf00000) (1024K)]
  0x0000017cd641a920 JavaThread "Unconstrained build operations Thread 26"        [_thread_blocked, id=20872, stack(0x000000301cf00000,0x000000301d000000) (1024K)]
  0x0000017cd641f7e0 JavaThread "Unconstrained build operations Thread 27"        [_thread_blocked, id=21364, stack(0x000000301d000000,0x000000301d100000) (1024K)]
  0x0000017cd6420500 JavaThread "Unconstrained build operations Thread 28"        [_thread_blocked, id=3516, stack(0x000000301d100000,0x000000301d200000) (1024K)]
  0x0000017cd641e430 JavaThread "Unconstrained build operations Thread 29"        [_thread_blocked, id=12044, stack(0x000000301d200000,0x000000301d300000) (1024K)]
  0x0000017cd6420b90 JavaThread "Unconstrained build operations Thread 30"        [_thread_blocked, id=2756, stack(0x000000301d300000,0x000000301d400000) (1024K)]
  0x0000017cd1548320 JavaThread "Unconstrained build operations Thread 31"        [_thread_blocked, id=23792, stack(0x000000301d400000,0x000000301d500000) (1024K)]
  0x0000017cd1545530 JavaThread "Unconstrained build operations Thread 32"        [_thread_blocked, id=13816, stack(0x000000301d500000,0x000000301d600000) (1024K)]
  0x0000017cd1544ea0 JavaThread "Unconstrained build operations Thread 33"        [_thread_blocked, id=14608, stack(0x000000301d600000,0x000000301d700000) (1024K)]
  0x0000017cd1542dd0 JavaThread "Unconstrained build operations Thread 34"        [_thread_blocked, id=11608, stack(0x000000301b900000,0x000000301ba00000) (1024K)]
  0x0000017cd1543460 JavaThread "Unconstrained build operations Thread 35"        [_thread_blocked, id=13564, stack(0x000000301d700000,0x000000301d800000) (1024K)]
  0x0000017cd1543af0 JavaThread "Unconstrained build operations Thread 36"        [_thread_blocked, id=14416, stack(0x000000301d800000,0x000000301d900000) (1024K)]
  0x0000017cd1544180 JavaThread "Unconstrained build operations Thread 37"        [_thread_blocked, id=11588, stack(0x000000301d900000,0x000000301da00000) (1024K)]
  0x0000017cd1544810 JavaThread "Unconstrained build operations Thread 38"        [_thread_blocked, id=15812, stack(0x000000301da00000,0x000000301db00000) (1024K)]
  0x0000017cd1541390 JavaThread "Unconstrained build operations Thread 39"        [_thread_blocked, id=22164, stack(0x000000301db00000,0x000000301dc00000) (1024K)]
  0x0000017cd15420b0 JavaThread "Unconstrained build operations Thread 40"        [_thread_blocked, id=24288, stack(0x000000301dc00000,0x000000301dd00000) (1024K)]
Total: 84

Other Threads:
=>0x0000017ccbdf78f0 VMThread "VM Thread"                           [id=4144, stack(0x0000003018800000,0x0000003018900000) (1024K)]
  0x0000017ccbdb1010 WatcherThread "VM Periodic Task Thread"        [id=1320, stack(0x0000003018700000,0x0000003018800000) (1024K)]
  0x0000017cb50117c0 WorkerThread "GC Thread#0"                     [id=4184, stack(0x0000003018200000,0x0000003018300000) (1024K)]
  0x0000017cd056bc50 WorkerThread "GC Thread#1"                     [id=6476, stack(0x0000003019400000,0x0000003019500000) (1024K)]
  0x0000017cd05d7b50 WorkerThread "GC Thread#2"                     [id=18768, stack(0x0000003019500000,0x0000003019600000) (1024K)]
  0x0000017cd083f3e0 WorkerThread "GC Thread#3"                     [id=12292, stack(0x0000003019600000,0x0000003019700000) (1024K)]
  0x0000017cb50226b0 ConcurrentGCThread "G1 Main Marker"            [id=13192, stack(0x0000003018300000,0x0000003018400000) (1024K)]
  0x0000017cb5023f00 WorkerThread "G1 Conc#0"                       [id=15576, stack(0x0000003018400000,0x0000003018500000) (1024K)]
  0x0000017ccbc834e0 ConcurrentGCThread "G1 Refine#0"               [id=14644, stack(0x0000003018500000,0x0000003018600000) (1024K)]
  0x0000017ccbc84850 ConcurrentGCThread "G1 Service"                [id=2604, stack(0x0000003018600000,0x0000003018700000) (1024K)]
Total: 10

Threads with active compile tasks:
Total: 0

VM state: at safepoint (normal execution)

VM Mutex/Monitor currently owned by a thread:  ([mutex/lock_event])
[0x00007ff8582a8690] Threads_lock - owner thread: 0x0000017ccbdf78f0
[0x00007ff8582a8790] Heap_lock - owner thread: 0x0000017cd0669bd0

Heap address: 0x0000000080000000, size: 2048 MB, Compressed Oops mode: 32-bit

CDS archive(s) not mapped
Compressed class space mapped at: 0x0000000100000000-0x0000000140000000, reserved size: 1073741824
Narrow klass base: 0x0000000000000000, Narrow klass shift: 3, Narrow klass range: 0x140000000

GC Precious Log:
 CardTable entry size: 512
 Card Set container configuration: InlinePtr #cards 5 size 8 Array Of Cards #cards 12 size 40 Howl #buckets 4 coarsen threshold 1843 Howl Bitmap #cards 512 size 80 coarsen threshold 460 Card regions per heap region 1 cards per card region 2048
 CPUs: 4 total, 4 available
 Memory: 7914M
 Large Page Support: Disabled
 NUMA Support: Disabled
 Compressed Oops: Enabled (32-bit)
 Heap Region Size: 1M
 Heap Min Capacity: 8M
 Heap Initial Capacity: 124M
 Heap Max Capacity: 2G
 Pre-touch: Disabled
 Parallel Workers: 4
 Concurrent Workers: 1
 Concurrent Refinement Workers: 4
 Periodic GC: Disabled

Heap:
 garbage-first heap   total 237568K, used 126054K [0x0000000080000000, 0x0000000100000000)
  region size 1024K, 7 young (7168K), 7 survivors (7168K)
 Metaspace       used 118562K, committed 120896K, reserved 1179648K
  class space    used 16867K, committed 17984K, reserved 1048576K

Heap Regions: E=young(eden), S=young(survivor), O=old, HS=humongous(starts), HC=humongous(continues), CS=collection set, F=free, TAMS=top-at-mark-start, PB=parsable bottom
|   0|0x0000000080000000, 0x0000000080100000, 0x0000000080100000|100%|HS|  |TAMS 0x0000000080100000| PB 0x0000000080000000| Complete 
|   1|0x0000000080100000, 0x0000000080200000, 0x0000000080200000|100%|HC|  |TAMS 0x0000000080200000| PB 0x0000000080100000| Complete 
|   2|0x0000000080200000, 0x0000000080300000, 0x0000000080300000|100%|HC|  |TAMS 0x0000000080300000| PB 0x0000000080200000| Complete 
|   3|0x0000000080300000, 0x0000000080400000, 0x0000000080400000|100%|HC|  |TAMS 0x0000000080400000| PB 0x0000000080300000| Complete 
|   4|0x0000000080400000, 0x0000000080500000, 0x0000000080500000|100%|HS|  |TAMS 0x0000000080500000| PB 0x0000000080400000| Complete 
|   5|0x0000000080500000, 0x0000000080600000, 0x0000000080600000|100%| O|  |TAMS 0x0000000080600000| PB 0x0000000080500000| Untracked 
|   6|0x0000000080600000, 0x0000000080700000, 0x0000000080700000|100%| O|  |TAMS 0x0000000080700000| PB 0x0000000080600000| Untracked 
|   7|0x0000000080700000, 0x0000000080800000, 0x0000000080800000|100%| O|  |TAMS 0x0000000080800000| PB 0x0000000080700000| Untracked 
|   8|0x0000000080800000, 0x0000000080900000, 0x0000000080900000|100%| O|  |TAMS 0x0000000080900000| PB 0x0000000080800000| Untracked 
|   9|0x0000000080900000, 0x0000000080a00000, 0x0000000080a00000|100%| O|  |TAMS 0x0000000080a00000| PB 0x0000000080900000| Untracked 
|  10|0x0000000080a00000, 0x0000000080b00000, 0x0000000080b00000|100%| O|  |TAMS 0x0000000080b00000| PB 0x0000000080a00000| Untracked 
|  11|0x0000000080b00000, 0x0000000080c00000, 0x0000000080c00000|100%| O|  |TAMS 0x0000000080c00000| PB 0x0000000080b00000| Untracked 
|  12|0x0000000080c00000, 0x0000000080d00000, 0x0000000080d00000|100%| O|  |TAMS 0x0000000080d00000| PB 0x0000000080c00000| Untracked 
|  13|0x0000000080d00000, 0x0000000080e00000, 0x0000000080e00000|100%| O|  |TAMS 0x0000000080e00000| PB 0x0000000080d00000| Untracked 
|  14|0x0000000080e00000, 0x0000000080f00000, 0x0000000080f00000|100%| O|  |TAMS 0x0000000080f00000| PB 0x0000000080e00000| Untracked 
|  15|0x0000000080f00000, 0x0000000081000000, 0x0000000081000000|100%| O|  |TAMS 0x0000000081000000| PB 0x0000000080f00000| Untracked 
|  16|0x0000000081000000, 0x0000000081100000, 0x0000000081100000|100%| O|  |TAMS 0x0000000081100000| PB 0x0000000081000000| Untracked 
|  17|0x0000000081100000, 0x0000000081200000, 0x0000000081200000|100%| O|  |TAMS 0x0000000081200000| PB 0x0000000081100000| Untracked 
|  18|0x0000000081200000, 0x0000000081300000, 0x0000000081300000|100%| O|  |TAMS 0x0000000081300000| PB 0x0000000081200000| Untracked 
|  19|0x0000000081300000, 0x0000000081400000, 0x0000000081400000|100%| O|  |TAMS 0x0000000081400000| PB 0x0000000081300000| Untracked 
|  20|0x0000000081400000, 0x0000000081500000, 0x0000000081500000|100%| O|  |TAMS 0x0000000081500000| PB 0x0000000081400000| Untracked 
|  21|0x0000000081500000, 0x0000000081600000, 0x0000000081600000|100%| O|  |TAMS 0x0000000081600000| PB 0x0000000081500000| Untracked 
|  22|0x0000000081600000, 0x0000000081700000, 0x0000000081700000|100%| O|  |TAMS 0x0000000081700000| PB 0x0000000081600000| Untracked 
|  23|0x0000000081700000, 0x0000000081800000, 0x0000000081800000|100%| O|  |TAMS 0x0000000081800000| PB 0x0000000081700000| Untracked 
|  24|0x0000000081800000, 0x0000000081900000, 0x0000000081900000|100%| O|  |TAMS 0x0000000081900000| PB 0x0000000081800000| Untracked 
|  25|0x0000000081900000, 0x0000000081a00000, 0x0000000081a00000|100%| O|  |TAMS 0x0000000081a00000| PB 0x0000000081900000| Untracked 
|  26|0x0000000081a00000, 0x0000000081b00000, 0x0000000081b00000|100%| O|  |TAMS 0x0000000081b00000| PB 0x0000000081a00000| Untracked 
|  27|0x0000000081b00000, 0x0000000081c00000, 0x0000000081c00000|100%| O|  |TAMS 0x0000000081c00000| PB 0x0000000081b00000| Untracked 
|  28|0x0000000081c00000, 0x0000000081d00000, 0x0000000081d00000|100%|HS|  |TAMS 0x0000000081d00000| PB 0x0000000081c00000| Complete 
|  29|0x0000000081d00000, 0x0000000081e00000, 0x0000000081e00000|100%|HC|  |TAMS 0x0000000081e00000| PB 0x0000000081d00000| Complete 
|  30|0x0000000081e00000, 0x0000000081f00000, 0x0000000081f00000|100%| O|  |TAMS 0x0000000081f00000| PB 0x0000000081e00000| Untracked 
|  31|0x0000000081f00000, 0x0000000082000000, 0x0000000082000000|100%| O|  |TAMS 0x0000000082000000| PB 0x0000000081f00000| Untracked 
|  32|0x0000000082000000, 0x0000000082100000, 0x0000000082100000|100%| O|  |TAMS 0x0000000082100000| PB 0x0000000082000000| Untracked 
|  33|0x0000000082100000, 0x0000000082200000, 0x0000000082200000|100%| O|  |TAMS 0x0000000082200000| PB 0x0000000082100000| Untracked 
|  34|0x0000000082200000, 0x0000000082300000, 0x0000000082300000|100%| O|  |TAMS 0x0000000082300000| PB 0x0000000082200000| Untracked 
|  35|0x0000000082300000, 0x0000000082400000, 0x0000000082400000|100%| O|  |TAMS 0x0000000082400000| PB 0x0000000082300000| Untracked 
|  36|0x0000000082400000, 0x0000000082500000, 0x0000000082500000|100%| O|  |TAMS 0x0000000082500000| PB 0x0000000082400000| Untracked 
|  37|0x0000000082500000, 0x0000000082600000, 0x0000000082600000|100%| O|  |TAMS 0x0000000082600000| PB 0x0000000082500000| Untracked 
|  38|0x0000000082600000, 0x0000000082700000, 0x0000000082700000|100%| O|  |TAMS 0x0000000082700000| PB 0x0000000082600000| Untracked 
|  39|0x0000000082700000, 0x0000000082800000, 0x0000000082800000|100%| O|  |TAMS 0x0000000082800000| PB 0x0000000082700000| Untracked 
|  40|0x0000000082800000, 0x0000000082900000, 0x0000000082900000|100%| O|  |TAMS 0x0000000082900000| PB 0x0000000082800000| Untracked 
|  41|0x0000000082900000, 0x0000000082a00000, 0x0000000082a00000|100%| O|  |TAMS 0x0000000082a00000| PB 0x0000000082900000| Untracked 
|  42|0x0000000082a00000, 0x0000000082b00000, 0x0000000082b00000|100%| O|  |TAMS 0x0000000082b00000| PB 0x0000000082a00000| Untracked 
|  43|0x0000000082b00000, 0x0000000082c00000, 0x0000000082c00000|100%|HS|  |TAMS 0x0000000082c00000| PB 0x0000000082b00000| Complete 
|  44|0x0000000082c00000, 0x0000000082d00000, 0x0000000082d00000|100%|HS|  |TAMS 0x0000000082d00000| PB 0x0000000082c00000| Complete 
|  45|0x0000000082d00000, 0x0000000082e00000, 0x0000000082e00000|100%| O|  |TAMS 0x0000000082e00000| PB 0x0000000082d00000| Untracked 
|  46|0x0000000082e00000, 0x0000000082f00000, 0x0000000082f00000|100%| O|  |TAMS 0x0000000082f00000| PB 0x0000000082e00000| Untracked 
|  47|0x0000000082f00000, 0x0000000083000000, 0x0000000083000000|100%| O|  |TAMS 0x0000000083000000| PB 0x0000000082f00000| Untracked 
|  48|0x0000000083000000, 0x0000000083100000, 0x0000000083100000|100%| O|  |TAMS 0x0000000083100000| PB 0x0000000083000000| Untracked 
|  49|0x0000000083100000, 0x0000000083200000, 0x0000000083200000|100%| O|  |TAMS 0x0000000083200000| PB 0x0000000083100000| Untracked 
|  50|0x0000000083200000, 0x0000000083300000, 0x0000000083300000|100%| O|  |TAMS 0x0000000083300000| PB 0x0000000083200000| Untracked 
|  51|0x0000000083300000, 0x0000000083400000, 0x0000000083400000|100%|HS|  |TAMS 0x0000000083400000| PB 0x0000000083300000| Complete 
|  52|0x0000000083400000, 0x0000000083500000, 0x0000000083500000|100%|HS|  |TAMS 0x0000000083500000| PB 0x0000000083400000| Complete 
|  53|0x0000000083500000, 0x0000000083600000, 0x0000000083600000|100%|HC|  |TAMS 0x0000000083600000| PB 0x0000000083500000| Complete 
|  54|0x0000000083600000, 0x0000000083700000, 0x0000000083700000|100%|HS|  |TAMS 0x0000000083700000| PB 0x0000000083600000| Complete 
|  55|0x0000000083700000, 0x0000000083800000, 0x0000000083800000|100%|HS|  |TAMS 0x0000000083800000| PB 0x0000000083700000| Complete 
|  56|0x0000000083800000, 0x0000000083900000, 0x0000000083900000|100%|HC|  |TAMS 0x0000000083900000| PB 0x0000000083800000| Complete 
|  57|0x0000000083900000, 0x0000000083a00000, 0x0000000083a00000|100%|HS|  |TAMS 0x0000000083a00000| PB 0x0000000083900000| Complete 
|  58|0x0000000083a00000, 0x0000000083b00000, 0x0000000083b00000|100%| O|  |TAMS 0x0000000083b00000| PB 0x0000000083a00000| Untracked 
|  59|0x0000000083b00000, 0x0000000083c00000, 0x0000000083c00000|100%| O|  |TAMS 0x0000000083c00000| PB 0x0000000083b00000| Untracked 
|  60|0x0000000083c00000, 0x0000000083d00000, 0x0000000083d00000|100%| O|  |TAMS 0x0000000083d00000| PB 0x0000000083c00000| Untracked 
|  61|0x0000000083d00000, 0x0000000083e00000, 0x0000000083e00000|100%| O|  |TAMS 0x0000000083e00000| PB 0x0000000083d00000| Untracked 
|  62|0x0000000083e00000, 0x0000000083f00000, 0x0000000083f00000|100%|HS|  |TAMS 0x0000000083f00000| PB 0x0000000083e00000| Complete 
|  63|0x0000000083f00000, 0x0000000084000000, 0x0000000084000000|100%|HS|  |TAMS 0x0000000084000000| PB 0x0000000083f00000| Complete 
|  64|0x0000000084000000, 0x0000000084100000, 0x0000000084100000|100%| O|  |TAMS 0x0000000084100000| PB 0x0000000084000000| Untracked 
|  65|0x0000000084100000, 0x0000000084200000, 0x0000000084200000|100%| O|  |TAMS 0x0000000084200000| PB 0x0000000084100000| Untracked 
|  66|0x0000000084200000, 0x0000000084300000, 0x0000000084300000|100%| O|  |TAMS 0x0000000084300000| PB 0x0000000084200000| Untracked 
|  67|0x0000000084300000, 0x0000000084400000, 0x0000000084400000|100%| O|  |TAMS 0x0000000084400000| PB 0x0000000084300000| Untracked 
|  68|0x0000000084400000, 0x0000000084500000, 0x0000000084500000|100%| O|  |TAMS 0x0000000084500000| PB 0x0000000084400000| Untracked 
|  69|0x0000000084500000, 0x0000000084600000, 0x0000000084600000|100%| O|  |TAMS 0x0000000084600000| PB 0x0000000084500000| Untracked 
|  70|0x0000000084600000, 0x0000000084700000, 0x0000000084700000|100%| O|  |TAMS 0x0000000084700000| PB 0x0000000084600000| Untracked 
|  71|0x0000000084700000, 0x0000000084800000, 0x0000000084800000|100%| O|  |TAMS 0x0000000084800000| PB 0x0000000084700000| Untracked 
|  72|0x0000000084800000, 0x0000000084900000, 0x0000000084900000|100%| O|  |TAMS 0x0000000084900000| PB 0x0000000084800000| Untracked 
|  73|0x0000000084900000, 0x0000000084a00000, 0x0000000084a00000|100%| O|  |TAMS 0x0000000084a00000| PB 0x0000000084900000| Untracked 
|  74|0x0000000084a00000, 0x0000000084b00000, 0x0000000084b00000|100%| O|  |TAMS 0x0000000084b00000| PB 0x0000000084a00000| Untracked 
|  75|0x0000000084b00000, 0x0000000084c00000, 0x0000000084c00000|100%| O|  |TAMS 0x0000000084c00000| PB 0x0000000084b00000| Untracked 
|  76|0x0000000084c00000, 0x0000000084c1b618, 0x0000000084d00000| 10%| O|  |TAMS 0x0000000084c00000| PB 0x0000000084c00000| Untracked 
|  77|0x0000000084d00000, 0x0000000084e00000, 0x0000000084e00000|100%| O|  |TAMS 0x0000000084e00000| PB 0x0000000084d00000| Untracked 
|  78|0x0000000084e00000, 0x0000000084f00000, 0x0000000084f00000|100%| O|  |TAMS 0x0000000084f00000| PB 0x0000000084e00000| Untracked 
|  79|0x0000000084f00000, 0x0000000085000000, 0x0000000085000000|100%| O|  |TAMS 0x0000000085000000| PB 0x0000000084f00000| Untracked 
|  80|0x0000000085000000, 0x0000000085100000, 0x0000000085100000|100%| O|  |TAMS 0x0000000085100000| PB 0x0000000085000000| Untracked 
|  81|0x0000000085100000, 0x0000000085200000, 0x0000000085200000|100%| O|  |TAMS 0x0000000085200000| PB 0x0000000085100000| Untracked 
|  82|0x0000000085200000, 0x0000000085300000, 0x0000000085300000|100%| O|  |TAMS 0x0000000085300000| PB 0x0000000085200000| Untracked 
|  83|0x0000000085300000, 0x0000000085400000, 0x0000000085400000|100%| O|  |TAMS 0x0000000085400000| PB 0x0000000085300000| Untracked 
|  84|0x0000000085400000, 0x0000000085500000, 0x0000000085500000|100%| O|  |TAMS 0x0000000085500000| PB 0x0000000085400000| Untracked 
|  85|0x0000000085500000, 0x0000000085600000, 0x0000000085600000|100%| O|  |TAMS 0x0000000085600000| PB 0x0000000085500000| Untracked 
|  86|0x0000000085600000, 0x0000000085700000, 0x0000000085700000|100%| O|  |TAMS 0x0000000085700000| PB 0x0000000085600000| Untracked 
|  87|0x0000000085700000, 0x0000000085800000, 0x0000000085800000|100%| O|  |TAMS 0x0000000085800000| PB 0x0000000085700000| Untracked 
|  88|0x0000000085800000, 0x0000000085900000, 0x0000000085900000|100%| O|  |TAMS 0x0000000085900000| PB 0x0000000085800000| Untracked 
|  89|0x0000000085900000, 0x0000000085900000, 0x0000000085a00000|  0%| F|  |TAMS 0x0000000085900000| PB 0x0000000085900000| Untracked 
|  90|0x0000000085a00000, 0x0000000085b00000, 0x0000000085b00000|100%| O|  |TAMS 0x0000000085b00000| PB 0x0000000085a00000| Untracked 
|  91|0x0000000085b00000, 0x0000000085c00000, 0x0000000085c00000|100%| O|  |TAMS 0x0000000085c00000| PB 0x0000000085b00000| Untracked 
|  92|0x0000000085c00000, 0x0000000085d00000, 0x0000000085d00000|100%| O|  |TAMS 0x0000000085d00000| PB 0x0000000085c00000| Untracked 
|  93|0x0000000085d00000, 0x0000000085e00000, 0x0000000085e00000|100%| O|  |TAMS 0x0000000085e00000| PB 0x0000000085d00000| Untracked 
|  94|0x0000000085e00000, 0x0000000085f00000, 0x0000000085f00000|100%| O|  |TAMS 0x0000000085f00000| PB 0x0000000085e00000| Untracked 
|  95|0x0000000085f00000, 0x0000000086000000, 0x0000000086000000|100%| O|  |TAMS 0x0000000086000000| PB 0x0000000085f00000| Untracked 
|  96|0x0000000086000000, 0x0000000086100000, 0x0000000086100000|100%| O|  |TAMS 0x0000000086100000| PB 0x0000000086000000| Untracked 
|  97|0x0000000086100000, 0x0000000086200000, 0x0000000086200000|100%| O|  |TAMS 0x0000000086200000| PB 0x0000000086100000| Untracked 
|  98|0x0000000086200000, 0x0000000086300000, 0x0000000086300000|100%| O|  |TAMS 0x0000000086300000| PB 0x0000000086200000| Untracked 
|  99|0x0000000086300000, 0x0000000086400000, 0x0000000086400000|100%| O|  |TAMS 0x0000000086400000| PB 0x0000000086300000| Untracked 
| 100|0x0000000086400000, 0x0000000086500000, 0x0000000086500000|100%| O|  |TAMS 0x0000000086500000| PB 0x0000000086400000| Untracked 
| 101|0x0000000086500000, 0x0000000086600000, 0x0000000086600000|100%| O|  |TAMS 0x0000000086600000| PB 0x0000000086500000| Untracked 
| 102|0x0000000086600000, 0x0000000086700000, 0x0000000086700000|100%| O|  |TAMS 0x0000000086700000| PB 0x0000000086600000| Untracked 
| 103|0x0000000086700000, 0x0000000086800000, 0x0000000086800000|100%| O|  |TAMS 0x0000000086755f10| PB 0x0000000086700000| Untracked 
| 104|0x0000000086800000, 0x0000000086800000, 0x0000000086900000|  0%| F|  |TAMS 0x0000000086800000| PB 0x0000000086800000| Untracked 
| 105|0x0000000086900000, 0x0000000086900000, 0x0000000086a00000|  0%| F|  |TAMS 0x0000000086900000| PB 0x0000000086900000| Untracked 
| 106|0x0000000086a00000, 0x0000000086a00000, 0x0000000086b00000|  0%| F|  |TAMS 0x0000000086a00000| PB 0x0000000086a00000| Untracked 
| 107|0x0000000086b00000, 0x0000000086b00000, 0x0000000086c00000|  0%| F|  |TAMS 0x0000000086b00000| PB 0x0000000086b00000| Untracked 
| 108|0x0000000086c00000, 0x0000000086cfe3b8, 0x0000000086d00000| 99%| S|CS|TAMS 0x0000000086c00000| PB 0x0000000086c00000| Complete 
| 109|0x0000000086d00000, 0x0000000086e00000, 0x0000000086e00000|100%| S|CS|TAMS 0x0000000086d00000| PB 0x0000000086d00000| Complete 
| 110|0x0000000086e00000, 0x0000000086e00000, 0x0000000086f00000|  0%| F|  |TAMS 0x0000000086e00000| PB 0x0000000086e00000| Untracked 
| 111|0x0000000086f00000, 0x0000000086f00000, 0x0000000087000000|  0%| F|  |TAMS 0x0000000086f00000| PB 0x0000000086f00000| Untracked 
| 112|0x0000000087000000, 0x0000000087000000, 0x0000000087100000|  0%| F|  |TAMS 0x0000000087000000| PB 0x0000000087000000| Untracked 
| 113|0x0000000087100000, 0x0000000087100000, 0x0000000087200000|  0%| F|  |TAMS 0x0000000087100000| PB 0x0000000087100000| Untracked 
| 114|0x0000000087200000, 0x0000000087200000, 0x0000000087300000|  0%| F|  |TAMS 0x0000000087200000| PB 0x0000000087200000| Untracked 
| 115|0x0000000087300000, 0x0000000087300000, 0x0000000087400000|  0%| F|  |TAMS 0x0000000087300000| PB 0x0000000087300000| Untracked 
| 116|0x0000000087400000, 0x0000000087500000, 0x0000000087500000|100%| S|CS|TAMS 0x0000000087400000| PB 0x0000000087400000| Complete 
| 117|0x0000000087500000, 0x0000000087600000, 0x0000000087600000|100%| S|CS|TAMS 0x0000000087500000| PB 0x0000000087500000| Complete 
| 118|0x0000000087600000, 0x0000000087700000, 0x0000000087700000|100%| S|CS|TAMS 0x0000000087600000| PB 0x0000000087600000| Complete 
| 119|0x0000000087700000, 0x0000000087800000, 0x0000000087800000|100%| S|CS|TAMS 0x0000000087700000| PB 0x0000000087700000| Complete 
| 120|0x0000000087800000, 0x0000000087900000, 0x0000000087900000|100%| S|CS|TAMS 0x0000000087800000| PB 0x0000000087800000| Complete 
| 121|0x0000000087900000, 0x0000000087900000, 0x0000000087a00000|  0%| F|  |TAMS 0x0000000087900000| PB 0x0000000087900000| Untracked 
| 122|0x0000000087a00000, 0x0000000087a00000, 0x0000000087b00000|  0%| F|  |TAMS 0x0000000087a00000| PB 0x0000000087a00000| Untracked 
| 123|0x0000000087b00000, 0x0000000087b00000, 0x0000000087c00000|  0%| F|  |TAMS 0x0000000087b00000| PB 0x0000000087b00000| Untracked 
| 124|0x0000000087c00000, 0x0000000087c00000, 0x0000000087d00000|  0%| F|  |TAMS 0x0000000087c00000| PB 0x0000000087c00000| Untracked 
| 125|0x0000000087d00000, 0x0000000087d00000, 0x0000000087e00000|  0%| F|  |TAMS 0x0000000087d00000| PB 0x0000000087d00000| Untracked 
| 126|0x0000000087e00000, 0x0000000087e00000, 0x0000000087f00000|  0%| F|  |TAMS 0x0000000087e00000| PB 0x0000000087e00000| Untracked 
| 127|0x0000000087f00000, 0x0000000087f00000, 0x0000000088000000|  0%| F|  |TAMS 0x0000000087f00000| PB 0x0000000087f00000| Untracked 
| 128|0x0000000088000000, 0x0000000088000000, 0x0000000088100000|  0%| F|  |TAMS 0x0000000088000000| PB 0x0000000088000000| Untracked 
| 129|0x0000000088100000, 0x0000000088100000, 0x0000000088200000|  0%| F|  |TAMS 0x0000000088100000| PB 0x0000000088100000| Untracked 
| 130|0x0000000088200000, 0x0000000088200000, 0x0000000088300000|  0%| F|  |TAMS 0x0000000088200000| PB 0x0000000088200000| Untracked 
| 131|0x0000000088300000, 0x0000000088300000, 0x0000000088400000|  0%| F|  |TAMS 0x0000000088300000| PB 0x0000000088300000| Untracked 
| 132|0x0000000088400000, 0x0000000088400000, 0x0000000088500000|  0%| F|  |TAMS 0x0000000088400000| PB 0x0000000088400000| Untracked 
| 133|0x0000000088500000, 0x0000000088500000, 0x0000000088600000|  0%| F|  |TAMS 0x0000000088500000| PB 0x0000000088500000| Untracked 
| 134|0x0000000088600000, 0x0000000088600000, 0x0000000088700000|  0%| F|  |TAMS 0x0000000088600000| PB 0x0000000088600000| Untracked 
| 135|0x0000000088700000, 0x0000000088700000, 0x0000000088800000|  0%| F|  |TAMS 0x0000000088700000| PB 0x0000000088700000| Untracked 
| 136|0x0000000088800000, 0x0000000088800000, 0x0000000088900000|  0%| F|  |TAMS 0x0000000088800000| PB 0x0000000088800000| Untracked 
| 137|0x0000000088900000, 0x0000000088900000, 0x0000000088a00000|  0%| F|  |TAMS 0x0000000088900000| PB 0x0000000088900000| Untracked 
| 138|0x0000000088a00000, 0x0000000088a00000, 0x0000000088b00000|  0%| F|  |TAMS 0x0000000088a00000| PB 0x0000000088a00000| Untracked 
| 139|0x0000000088b00000, 0x0000000088b00000, 0x0000000088c00000|  0%| F|  |TAMS 0x0000000088b00000| PB 0x0000000088b00000| Untracked 
| 140|0x0000000088c00000, 0x0000000088c00000, 0x0000000088d00000|  0%| F|  |TAMS 0x0000000088c00000| PB 0x0000000088c00000| Untracked 
| 141|0x0000000088d00000, 0x0000000088d00000, 0x0000000088e00000|  0%| F|  |TAMS 0x0000000088d00000| PB 0x0000000088d00000| Untracked 
| 142|0x0000000088e00000, 0x0000000088e00000, 0x0000000088f00000|  0%| F|  |TAMS 0x0000000088e00000| PB 0x0000000088e00000| Untracked 
| 143|0x0000000088f00000, 0x0000000088f00000, 0x0000000089000000|  0%| F|  |TAMS 0x0000000088f00000| PB 0x0000000088f00000| Untracked 
| 144|0x0000000089000000, 0x0000000089000000, 0x0000000089100000|  0%| F|  |TAMS 0x0000000089000000| PB 0x0000000089000000| Untracked 
| 145|0x0000000089100000, 0x0000000089100000, 0x0000000089200000|  0%| F|  |TAMS 0x0000000089100000| PB 0x0000000089100000| Untracked 
| 146|0x0000000089200000, 0x0000000089200000, 0x0000000089300000|  0%| F|  |TAMS 0x0000000089200000| PB 0x0000000089200000| Untracked 
| 147|0x0000000089300000, 0x0000000089300000, 0x0000000089400000|  0%| F|  |TAMS 0x0000000089300000| PB 0x0000000089300000| Untracked 
| 148|0x0000000089400000, 0x0000000089400000, 0x0000000089500000|  0%| F|  |TAMS 0x0000000089400000| PB 0x0000000089400000| Untracked 
| 149|0x0000000089500000, 0x0000000089500000, 0x0000000089600000|  0%| F|  |TAMS 0x0000000089500000| PB 0x0000000089500000| Untracked 
| 150|0x0000000089600000, 0x0000000089600000, 0x0000000089700000|  0%| F|  |TAMS 0x0000000089600000| PB 0x0000000089600000| Untracked 
| 151|0x0000000089700000, 0x0000000089700000, 0x0000000089800000|  0%| F|  |TAMS 0x0000000089700000| PB 0x0000000089700000| Untracked 
| 152|0x0000000089800000, 0x0000000089800000, 0x0000000089900000|  0%| F|  |TAMS 0x0000000089800000| PB 0x0000000089800000| Untracked 
| 153|0x0000000089900000, 0x0000000089900000, 0x0000000089a00000|  0%| F|  |TAMS 0x0000000089900000| PB 0x0000000089900000| Untracked 
| 154|0x0000000089a00000, 0x0000000089a00000, 0x0000000089b00000|  0%| F|  |TAMS 0x0000000089a00000| PB 0x0000000089a00000| Untracked 
| 155|0x0000000089b00000, 0x0000000089b00000, 0x0000000089c00000|  0%| F|  |TAMS 0x0000000089b00000| PB 0x0000000089b00000| Untracked 
| 156|0x0000000089c00000, 0x0000000089c00000, 0x0000000089d00000|  0%| F|  |TAMS 0x0000000089c00000| PB 0x0000000089c00000| Untracked 
| 157|0x0000000089d00000, 0x0000000089d00000, 0x0000000089e00000|  0%| F|  |TAMS 0x0000000089d00000| PB 0x0000000089d00000| Untracked 
| 158|0x0000000089e00000, 0x0000000089e00000, 0x0000000089f00000|  0%| F|  |TAMS 0x0000000089e00000| PB 0x0000000089e00000| Untracked 
| 159|0x0000000089f00000, 0x0000000089f00000, 0x000000008a000000|  0%| F|  |TAMS 0x0000000089f00000| PB 0x0000000089f00000| Untracked 
| 160|0x000000008a000000, 0x000000008a000000, 0x000000008a100000|  0%| F|  |TAMS 0x000000008a000000| PB 0x000000008a000000| Untracked 
| 161|0x000000008a100000, 0x000000008a100000, 0x000000008a200000|  0%| F|  |TAMS 0x000000008a100000| PB 0x000000008a100000| Untracked 
| 162|0x000000008a200000, 0x000000008a200000, 0x000000008a300000|  0%| F|  |TAMS 0x000000008a200000| PB 0x000000008a200000| Untracked 
| 163|0x000000008a300000, 0x000000008a300000, 0x000000008a400000|  0%| F|  |TAMS 0x000000008a300000| PB 0x000000008a300000| Untracked 
| 164|0x000000008a400000, 0x000000008a400000, 0x000000008a500000|  0%| F|  |TAMS 0x000000008a400000| PB 0x000000008a400000| Untracked 
| 165|0x000000008a500000, 0x000000008a500000, 0x000000008a600000|  0%| F|  |TAMS 0x000000008a500000| PB 0x000000008a500000| Untracked 
| 166|0x000000008a600000, 0x000000008a600000, 0x000000008a700000|  0%| F|  |TAMS 0x000000008a600000| PB 0x000000008a600000| Untracked 
| 167|0x000000008a700000, 0x000000008a700000, 0x000000008a800000|  0%| F|  |TAMS 0x000000008a700000| PB 0x000000008a700000| Untracked 
| 168|0x000000008a800000, 0x000000008a800000, 0x000000008a900000|  0%| F|  |TAMS 0x000000008a800000| PB 0x000000008a800000| Untracked 
| 169|0x000000008a900000, 0x000000008a900000, 0x000000008aa00000|  0%| F|  |TAMS 0x000000008a900000| PB 0x000000008a900000| Untracked 
| 170|0x000000008aa00000, 0x000000008aa00000, 0x000000008ab00000|  0%| F|  |TAMS 0x000000008aa00000| PB 0x000000008aa00000| Untracked 
| 171|0x000000008ab00000, 0x000000008ab00000, 0x000000008ac00000|  0%| F|  |TAMS 0x000000008ab00000| PB 0x000000008ab00000| Untracked 
| 172|0x000000008ac00000, 0x000000008ac00000, 0x000000008ad00000|  0%| F|  |TAMS 0x000000008ac00000| PB 0x000000008ac00000| Untracked 
| 173|0x000000008ad00000, 0x000000008ad00000, 0x000000008ae00000|  0%| F|  |TAMS 0x000000008ad00000| PB 0x000000008ad00000| Untracked 
| 174|0x000000008ae00000, 0x000000008ae00000, 0x000000008af00000|  0%| F|  |TAMS 0x000000008ae00000| PB 0x000000008ae00000| Untracked 
| 175|0x000000008af00000, 0x000000008af00000, 0x000000008b000000|  0%| F|  |TAMS 0x000000008af00000| PB 0x000000008af00000| Untracked 
| 176|0x000000008b000000, 0x000000008b000000, 0x000000008b100000|  0%| F|  |TAMS 0x000000008b000000| PB 0x000000008b000000| Untracked 
| 177|0x000000008b100000, 0x000000008b100000, 0x000000008b200000|  0%| F|  |TAMS 0x000000008b100000| PB 0x000000008b100000| Untracked 
| 178|0x000000008b200000, 0x000000008b200000, 0x000000008b300000|  0%| F|  |TAMS 0x000000008b200000| PB 0x000000008b200000| Untracked 
| 179|0x000000008b300000, 0x000000008b300000, 0x000000008b400000|  0%| F|  |TAMS 0x000000008b300000| PB 0x000000008b300000| Untracked 
| 180|0x000000008b400000, 0x000000008b400000, 0x000000008b500000|  0%| F|  |TAMS 0x000000008b400000| PB 0x000000008b400000| Untracked 
| 181|0x000000008b500000, 0x000000008b500000, 0x000000008b600000|  0%| F|  |TAMS 0x000000008b500000| PB 0x000000008b500000| Untracked 
| 182|0x000000008b600000, 0x000000008b600000, 0x000000008b700000|  0%| F|  |TAMS 0x000000008b600000| PB 0x000000008b600000| Untracked 
| 183|0x000000008b700000, 0x000000008b700000, 0x000000008b800000|  0%| F|  |TAMS 0x000000008b700000| PB 0x000000008b700000| Untracked 
| 184|0x000000008b800000, 0x000000008b800000, 0x000000008b900000|  0%| F|  |TAMS 0x000000008b800000| PB 0x000000008b800000| Untracked 
| 185|0x000000008b900000, 0x000000008b900000, 0x000000008ba00000|  0%| F|  |TAMS 0x000000008b900000| PB 0x000000008b900000| Untracked 
| 186|0x000000008ba00000, 0x000000008ba00000, 0x000000008bb00000|  0%| F|  |TAMS 0x000000008ba00000| PB 0x000000008ba00000| Untracked 
| 187|0x000000008bb00000, 0x000000008bb00000, 0x000000008bc00000|  0%| F|  |TAMS 0x000000008bb00000| PB 0x000000008bb00000| Untracked 
| 188|0x000000008bc00000, 0x000000008bc00000, 0x000000008bd00000|  0%| F|  |TAMS 0x000000008bc00000| PB 0x000000008bc00000| Untracked 
| 189|0x000000008bd00000, 0x000000008bd00000, 0x000000008be00000|  0%| F|  |TAMS 0x000000008bd00000| PB 0x000000008bd00000| Untracked 
| 190|0x000000008be00000, 0x000000008be00000, 0x000000008bf00000|  0%| F|  |TAMS 0x000000008be00000| PB 0x000000008be00000| Untracked 
| 191|0x000000008bf00000, 0x000000008bf00000, 0x000000008c000000|  0%| F|  |TAMS 0x000000008bf00000| PB 0x000000008bf00000| Untracked 
| 192|0x000000008c000000, 0x000000008c000000, 0x000000008c100000|  0%| F|  |TAMS 0x000000008c000000| PB 0x000000008c000000| Untracked 
| 193|0x000000008c100000, 0x000000008c100000, 0x000000008c200000|  0%| F|  |TAMS 0x000000008c100000| PB 0x000000008c100000| Untracked 
| 194|0x000000008c200000, 0x000000008c200000, 0x000000008c300000|  0%| F|  |TAMS 0x000000008c200000| PB 0x000000008c200000| Untracked 
| 195|0x000000008c300000, 0x000000008c300000, 0x000000008c400000|  0%| F|  |TAMS 0x000000008c300000| PB 0x000000008c300000| Untracked 
| 196|0x000000008c400000, 0x000000008c400000, 0x000000008c500000|  0%| F|  |TAMS 0x000000008c400000| PB 0x000000008c400000| Untracked 
| 197|0x000000008c500000, 0x000000008c500000, 0x000000008c600000|  0%| F|  |TAMS 0x000000008c500000| PB 0x000000008c500000| Untracked 
| 198|0x000000008c600000, 0x000000008c600000, 0x000000008c700000|  0%| F|  |TAMS 0x000000008c600000| PB 0x000000008c600000| Untracked 
| 199|0x000000008c700000, 0x000000008c700000, 0x000000008c800000|  0%| F|  |TAMS 0x000000008c700000| PB 0x000000008c700000| Untracked 
| 200|0x000000008c800000, 0x000000008c800000, 0x000000008c900000|  0%| F|  |TAMS 0x000000008c800000| PB 0x000000008c800000| Untracked 
| 201|0x000000008c900000, 0x000000008c900000, 0x000000008ca00000|  0%| F|  |TAMS 0x000000008c900000| PB 0x000000008c900000| Untracked 
| 202|0x000000008ca00000, 0x000000008ca00000, 0x000000008cb00000|  0%| F|  |TAMS 0x000000008ca00000| PB 0x000000008ca00000| Untracked 
| 203|0x000000008cb00000, 0x000000008cb00000, 0x000000008cc00000|  0%| F|  |TAMS 0x000000008cb00000| PB 0x000000008cb00000| Untracked 
| 204|0x000000008cc00000, 0x000000008cc00000, 0x000000008cd00000|  0%| F|  |TAMS 0x000000008cc00000| PB 0x000000008cc00000| Untracked 
| 205|0x000000008cd00000, 0x000000008cd00000, 0x000000008ce00000|  0%| F|  |TAMS 0x000000008cd00000| PB 0x000000008cd00000| Untracked 
| 206|0x000000008ce00000, 0x000000008ce00000, 0x000000008cf00000|  0%| F|  |TAMS 0x000000008ce00000| PB 0x000000008ce00000| Untracked 
| 207|0x000000008cf00000, 0x000000008cf00000, 0x000000008d000000|  0%| F|  |TAMS 0x000000008cf00000| PB 0x000000008cf00000| Untracked 
| 208|0x000000008d000000, 0x000000008d000000, 0x000000008d100000|  0%| F|  |TAMS 0x000000008d000000| PB 0x000000008d000000| Untracked 
| 209|0x000000008d100000, 0x000000008d100000, 0x000000008d200000|  0%| F|  |TAMS 0x000000008d100000| PB 0x000000008d100000| Untracked 
| 210|0x000000008d200000, 0x000000008d200000, 0x000000008d300000|  0%| F|  |TAMS 0x000000008d200000| PB 0x000000008d200000| Untracked 
|2027|0x00000000feb00000, 0x00000000feb00000, 0x00000000fec00000|  0%| F|  |TAMS 0x00000000feb00000| PB 0x00000000feb00000| Untracked 
|2028|0x00000000fec00000, 0x00000000fed00000, 0x00000000fed00000|100%| O|  |TAMS 0x00000000fed00000| PB 0x00000000fec00000| Untracked 
|2029|0x00000000fed00000, 0x00000000fee00000, 0x00000000fee00000|100%| O|  |TAMS 0x00000000fee00000| PB 0x00000000fed00000| Untracked 
|2030|0x00000000fee00000, 0x00000000fef00000, 0x00000000fef00000|100%| O|  |TAMS 0x00000000fef00000| PB 0x00000000fee00000| Untracked 
|2031|0x00000000fef00000, 0x00000000ff000000, 0x00000000ff000000|100%| O|  |TAMS 0x00000000ff000000| PB 0x00000000fef00000| Untracked 
|2032|0x00000000ff000000, 0x00000000ff000000, 0x00000000ff100000|  0%| F|  |TAMS 0x00000000ff000000| PB 0x00000000ff000000| Untracked 
|2033|0x00000000ff100000, 0x00000000ff100000, 0x00000000ff200000|  0%| F|  |TAMS 0x00000000ff100000| PB 0x00000000ff100000| Untracked 
|2034|0x00000000ff200000, 0x00000000ff200000, 0x00000000ff300000|  0%| F|  |TAMS 0x00000000ff200000| PB 0x00000000ff200000| Untracked 
|2035|0x00000000ff300000, 0x00000000ff400000, 0x00000000ff400000|100%| O|  |TAMS 0x00000000ff400000| PB 0x00000000ff300000| Untracked 
|2036|0x00000000ff400000, 0x00000000ff500000, 0x00000000ff500000|100%| O|  |TAMS 0x00000000ff500000| PB 0x00000000ff400000| Untracked 
|2037|0x00000000ff500000, 0x00000000ff600000, 0x00000000ff600000|100%| O|  |TAMS 0x00000000ff600000| PB 0x00000000ff500000| Untracked 
|2038|0x00000000ff600000, 0x00000000ff700000, 0x00000000ff700000|100%| O|  |TAMS 0x00000000ff700000| PB 0x00000000ff600000| Untracked 
|2039|0x00000000ff700000, 0x00000000ff800000, 0x00000000ff800000|100%| O|  |TAMS 0x00000000ff800000| PB 0x00000000ff700000| Untracked 
|2040|0x00000000ff800000, 0x00000000ff800000, 0x00000000ff900000|  0%| F|  |TAMS 0x00000000ff800000| PB 0x00000000ff800000| Untracked 
|2041|0x00000000ff900000, 0x00000000ff900000, 0x00000000ffa00000|  0%| F|  |TAMS 0x00000000ff900000| PB 0x00000000ff900000| Untracked 
|2042|0x00000000ffa00000, 0x00000000ffa00000, 0x00000000ffb00000|  0%| F|  |TAMS 0x00000000ffa00000| PB 0x00000000ffa00000| Untracked 
|2043|0x00000000ffb00000, 0x00000000ffc00000, 0x00000000ffc00000|100%| O|  |TAMS 0x00000000ffc00000| PB 0x00000000ffb00000| Untracked 
|2044|0x00000000ffc00000, 0x00000000ffd00000, 0x00000000ffd00000|100%| O|  |TAMS 0x00000000ffd00000| PB 0x00000000ffc00000| Untracked 
|2045|0x00000000ffd00000, 0x00000000ffe00000, 0x00000000ffe00000|100%| O|  |TAMS 0x00000000ffe00000| PB 0x00000000ffd00000| Untracked 
|2046|0x00000000ffe00000, 0x00000000fff00000, 0x00000000fff00000|100%| O|  |TAMS 0x00000000fff00000| PB 0x00000000ffe00000| Untracked 
|2047|0x00000000fff00000, 0x0000000100000000, 0x0000000100000000|100%| O|  |TAMS 0x0000000100000000| PB 0x00000000fff00000| Untracked 

Card table byte_map: [0x0000017cc7520000,0x0000017cc7920000] _byte_map_base: 0x0000017cc7120000

Marking Bits: (CMBitMap*) 0x0000017cb5011dd0
 Bits: [0x0000017cc7920000, 0x0000017cc9920000)

Polling page: 0x0000017cb2da0000

Metaspace:

Usage:
  Non-class:     99.31 MB used.
      Class:     16.47 MB used.
       Both:    115.78 MB used.

Virtual space:
  Non-class space:      128.00 MB reserved,     100.50 MB ( 79%) committed,  2 nodes.
      Class space:        1.00 GB reserved,      17.56 MB (  2%) committed,  1 nodes.
             Both:        1.12 GB reserved,     118.06 MB ( 10%) committed. 

Chunk freelists:
   Non-Class:  11.44 MB
       Class:  14.38 MB
        Both:  25.82 MB

MaxMetaspaceSize: unlimited
CompressedClassSpaceSize: 1.00 GB
Initial GC threshold: 21.00 MB
Current GC threshold: 196.81 MB
CDS: off
 - commit_granule_bytes: 65536.
 - commit_granule_words: 8192.
 - virtual_space_node_default_size: 8388608.
 - enlarge_chunks_in_place: 1.
 - use_allocation_guard: 0.


Internal statistics:

num_allocs_failed_limit: 18.
num_arena_births: 4650.
num_arena_deaths: 0.
num_vsnodes_births: 3.
num_vsnodes_deaths: 0.
num_space_committed: 1889.
num_space_uncommitted: 0.
num_chunks_returned_to_freelist: 18.
num_chunks_taken_from_freelist: 9674.
num_chunk_merges: 6.
num_chunk_splits: 6303.
num_chunks_enlarged: 3943.
num_inconsistent_stats: 0.

CodeHeap 'non-profiled nmethods': size=120000Kb used=5932Kb max_used=7395Kb free=114067Kb
 bounds [0x0000017cbfbf0000, 0x0000017cc0330000, 0x0000017cc7120000]
CodeHeap 'profiled nmethods': size=120000Kb used=10775Kb max_used=18372Kb free=109224Kb
 bounds [0x0000017cb8120000, 0x0000017cb9320000, 0x0000017cbf650000]
CodeHeap 'non-nmethods': size=5760Kb used=2273Kb max_used=2352Kb free=3486Kb
 bounds [0x0000017cbf650000, 0x0000017cbf8c0000, 0x0000017cbfbf0000]
CodeCache: size=245760Kb, used=18980Kb, max_used=28119Kb, free=226777Kb
 total_blobs=7009, nmethods=6084, adapters=829, full_count=0
Compilation: enabled, stopped_count=0, restarted_count=0

Compilation events (20 events):
Event: 206.643 Thread 0x0000017cd0088500 15077       4       java.util.ImmutableCollections$Set12::iterator (9 bytes)
Event: 206.645 Thread 0x0000017cd0088500 nmethod 15077 0x0000017cbfc82810 code [0x0000017cbfc829a0, 0x0000017cbfc82ab0]
Event: 206.687 Thread 0x0000017cd0088500 15078       4       org.gradle.internal.snapshot.CompositeFileSystemSnapshot::of (56 bytes)
Event: 206.690 Thread 0x0000017cd0088500 nmethod 15078 0x0000017cbfd0b490 code [0x0000017cbfd0b660, 0x0000017cbfd0b9a8]
Event: 206.698 Thread 0x0000017cd0088500 15079   !   4       com.google.common.cache.LocalCache$Segment::put (439 bytes)
Event: 206.764 Thread 0x0000017cd0088500 nmethod 15079 0x0000017cbfe55590 code [0x0000017cbfe55be0, 0x0000017cbfe59ab0]
Event: 206.764 Thread 0x0000017cd0088500 15080       4       org.gradle.internal.snapshot.AbstractFileSystemLocationSnapshot::getSnapshot (5 bytes)
Event: 206.764 Thread 0x0000017cd0088500 nmethod 15080 0x0000017cbfca6510 code [0x0000017cbfca66a0, 0x0000017cbfca6790]
Event: 206.795 Thread 0x0000017cd0088500 15081       4       org.gradle.internal.operations.DefaultBuildOperationListenerManager$1::finished (48 bytes)
Event: 206.798 Thread 0x0000017cd0088500 nmethod 15081 0x0000017cbfd9e610 code [0x0000017cbfd9e7e0, 0x0000017cbfd9eac0]
Event: 206.834 Thread 0x0000017cd0088500 15082       4       org.gradle.internal.snapshot.SnapshotUtil$1::handleExactMatchWithChild (7 bytes)
Event: 206.834 Thread 0x0000017cd0088500 nmethod 15082 0x0000017cbfc3f090 code [0x0000017cbfc3f220, 0x0000017cbfc3f2d0]
Event: 206.884 Thread 0x0000017cd0088500 15083       4       org.gradle.cache.internal.LockOnDemandCrossProcessCacheAccess::open (1 bytes)
Event: 206.884 Thread 0x0000017cd0088500 nmethod 15083 0x0000017cbfc55410 code [0x0000017cbfc555a0, 0x0000017cbfc55628]
Event: 206.926 Thread 0x0000017cd0088500 15084       4       java.util.concurrent.atomic.AtomicLong::addAndGet (14 bytes)
Event: 206.926 Thread 0x0000017cd0088500 nmethod 15084 0x0000017cbfc55a10 code [0x0000017cbfc55ba0, 0x0000017cbfc55c38]
Event: 206.969 Thread 0x0000017cd0088500 15085  s    4       java.io.ByteArrayInputStream::read (36 bytes)
Event: 206.970 Thread 0x0000017cd0088500 nmethod 15085 0x0000017cbfd59510 code [0x0000017cbfd596a0, 0x0000017cbfd598e0]
Event: 206.975 Thread 0x0000017cd0095740 15086       3       org.gradle.internal.Deferrable$$Lambda/0x000000010086f200::get (14 bytes)
Event: 206.975 Thread 0x0000017cd0095740 nmethod 15086 0x0000017cb813ee90 code [0x0000017cb813f080, 0x0000017cb813f5f8]

GC Heap History (20 events):
Event: 201.796 GC heap after
{Heap after GC invocations=47 (full 0):
 garbage-first heap   total 197632K, used 121275K [0x0000000080000000, 0x0000000100000000)
  region size 1024K, 5 young (5120K), 5 survivors (5120K)
 Metaspace       used 117610K, committed 119936K, reserved 1179648K
  class space    used 16723K, committed 17856K, reserved 1048576K
}
Event: 202.501 GC heap before
{Heap before GC invocations=47 (full 0):
 garbage-first heap   total 197632K, used 181691K [0x0000000080000000, 0x0000000100000000)
  region size 1024K, 65 young (66560K), 5 survivors (5120K)
 Metaspace       used 118052K, committed 120384K, reserved 1179648K
  class space    used 16798K, committed 17920K, reserved 1048576K
}
Event: 202.509 GC heap after
{Heap after GC invocations=48 (full 0):
 garbage-first heap   total 237568K, used 122978K [0x0000000080000000, 0x0000000100000000)
  region size 1024K, 7 young (7168K), 7 survivors (7168K)
 Metaspace       used 118052K, committed 120384K, reserved 1179648K
  class space    used 16798K, committed 17920K, reserved 1048576K
}
Event: 202.888 GC heap before
{Heap before GC invocations=49 (full 0):
 garbage-first heap   total 237568K, used 213090K [0x0000000080000000, 0x0000000100000000)
  region size 1024K, 96 young (98304K), 7 survivors (7168K)
 Metaspace       used 118192K, committed 120512K, reserved 1179648K
  class space    used 16824K, committed 17984K, reserved 1048576K
}
Event: 202.895 GC heap after
{Heap after GC invocations=50 (full 0):
 garbage-first heap   total 237568K, used 123820K [0x0000000080000000, 0x0000000100000000)
  region size 1024K, 6 young (6144K), 6 survivors (6144K)
 Metaspace       used 118192K, committed 120512K, reserved 1179648K
  class space    used 16824K, committed 17984K, reserved 1048576K
}
Event: 203.263 GC heap before
{Heap before GC invocations=50 (full 0):
 garbage-first heap   total 237568K, used 219052K [0x0000000080000000, 0x0000000100000000)
  region size 1024K, 99 young (101376K), 6 survivors (6144K)
 Metaspace       used 118222K, committed 120576K, reserved 1179648K
  class space    used 16824K, committed 17984K, reserved 1048576K
}
Event: 203.270 GC heap after
{Heap after GC invocations=51 (full 0):
 garbage-first heap   total 237568K, used 123287K [0x0000000080000000, 0x0000000100000000)
  region size 1024K, 8 young (8192K), 8 survivors (8192K)
 Metaspace       used 118222K, committed 120576K, reserved 1179648K
  class space    used 16824K, committed 17984K, reserved 1048576K
}
Event: 203.570 GC heap before
{Heap before GC invocations=51 (full 0):
 garbage-first heap   total 237568K, used 218519K [0x0000000080000000, 0x0000000100000000)
  region size 1024K, 102 young (104448K), 8 survivors (8192K)
 Metaspace       used 118229K, committed 120576K, reserved 1179648K
  class space    used 16824K, committed 17984K, reserved 1048576K
}
Event: 203.577 GC heap after
{Heap after GC invocations=52 (full 0):
 garbage-first heap   total 237568K, used 123861K [0x0000000080000000, 0x0000000100000000)
  region size 1024K, 8 young (8192K), 8 survivors (8192K)
 Metaspace       used 118229K, committed 120576K, reserved 1179648K
  class space    used 16824K, committed 17984K, reserved 1048576K
}
Event: 204.367 GC heap before
{Heap before GC invocations=53 (full 0):
 garbage-first heap   total 237568K, used 221141K [0x0000000080000000, 0x0000000100000000)
  region size 1024K, 104 young (106496K), 8 survivors (8192K)
 Metaspace       used 118471K, committed 120768K, reserved 1179648K
  class space    used 16860K, committed 17984K, reserved 1048576K
}
Event: 204.374 GC heap after
{Heap after GC invocations=54 (full 0):
 garbage-first heap   total 237568K, used 124726K [0x0000000080000000, 0x0000000100000000)
  region size 1024K, 8 young (8192K), 8 survivors (8192K)
 Metaspace       used 118471K, committed 120768K, reserved 1179648K
  class space    used 16860K, committed 17984K, reserved 1048576K
}
Event: 204.772 GC heap before
{Heap before GC invocations=54 (full 0):
 garbage-first heap   total 237568K, used 224054K [0x0000000080000000, 0x0000000100000000)
  region size 1024K, 105 young (107520K), 8 survivors (8192K)
 Metaspace       used 118503K, committed 120832K, reserved 1179648K
  class space    used 16862K, committed 17984K, reserved 1048576K
}
Event: 204.783 GC heap after
{Heap after GC invocations=55 (full 0):
 garbage-first heap   total 237568K, used 123808K [0x0000000080000000, 0x0000000100000000)
  region size 1024K, 7 young (7168K), 7 survivors (7168K)
 Metaspace       used 118503K, committed 120832K, reserved 1179648K
  class space    used 16862K, committed 17984K, reserved 1048576K
}
Event: 205.435 GC heap before
{Heap before GC invocations=55 (full 0):
 garbage-first heap   total 237568K, used 222112K [0x0000000080000000, 0x0000000100000000)
  region size 1024K, 104 young (106496K), 7 survivors (7168K)
 Metaspace       used 118551K, committed 120896K, reserved 1179648K
  class space    used 16867K, committed 17984K, reserved 1048576K
}
Event: 205.441 GC heap after
{Heap after GC invocations=56 (full 0):
 garbage-first heap   total 237568K, used 125495K [0x0000000080000000, 0x0000000100000000)
  region size 1024K, 8 young (8192K), 8 survivors (8192K)
 Metaspace       used 118551K, committed 120896K, reserved 1179648K
  class space    used 16867K, committed 17984K, reserved 1048576K
}
Event: 206.507 GC heap before
{Heap before GC invocations=57 (full 0):
 garbage-first heap   total 237568K, used 223799K [0x0000000080000000, 0x0000000100000000)
  region size 1024K, 104 young (106496K), 8 survivors (8192K)
 Metaspace       used 118561K, committed 120896K, reserved 1179648K
  class space    used 16867K, committed 17984K, reserved 1048576K
}
Event: 206.515 GC heap after
{Heap after GC invocations=58 (full 0):
 garbage-first heap   total 237568K, used 125801K [0x0000000080000000, 0x0000000100000000)
  region size 1024K, 8 young (8192K), 8 survivors (8192K)
 Metaspace       used 118561K, committed 120896K, reserved 1179648K
  class space    used 16867K, committed 17984K, reserved 1048576K
}
Event: 206.804 GC heap before
{Heap before GC invocations=58 (full 0):
 garbage-first heap   total 237568K, used 222057K [0x0000000080000000, 0x0000000100000000)
  region size 1024K, 103 young (105472K), 8 survivors (8192K)
 Metaspace       used 118561K, committed 120896K, reserved 1179648K
  class space    used 16867K, committed 17984K, reserved 1048576K
}
Event: 206.813 GC heap after
{Heap after GC invocations=59 (full 0):
 garbage-first heap   total 237568K, used 125271K [0x0000000080000000, 0x0000000100000000)
  region size 1024K, 7 young (7168K), 7 survivors (7168K)
 Metaspace       used 118561K, committed 120896K, reserved 1179648K
  class space    used 16867K, committed 17984K, reserved 1048576K
}
Event: 206.996 GC heap before
{Heap before GC invocations=59 (full 0):
 garbage-first heap   total 237568K, used 223575K [0x0000000080000000, 0x0000000100000000)
  region size 1024K, 103 young (105472K), 7 survivors (7168K)
 Metaspace       used 118562K, committed 120896K, reserved 1179648K
  class space    used 16867K, committed 17984K, reserved 1048576K
}

Dll operation events (3 events):
Event: 0.098 Loaded shared library C:\Program Files\Android\Android Studio1\jbr\bin\java.dll
Event: 0.113 Loaded shared library C:\Program Files\Android\Android Studio1\jbr\bin\zip.dll
Event: 0.923 Loaded shared library C:\Program Files\Android\Android Studio1\jbr\bin\verify.dll

Deoptimization events (20 events):
Event: 203.890 Thread 0x0000017cd641afb0 Uncommon trap: trap_request=0xffffff6e fr.pc=0x0000017cc00adb1c relative=0x000000000000031c
Event: 203.890 Thread 0x0000017cd641afb0 Uncommon trap: reason=loop_limit_check action=maybe_recompile pc=0x0000017cc00adb1c method=org.gradle.api.internal.file.pattern.GreedyPathMatcher.matches([Ljava/lang/String;I)Z @ 34 c2
Event: 203.890 Thread 0x0000017cd641afb0 DEOPT PACKING pc=0x0000017cc00adb1c sp=0x000000301c9fb2e0
Event: 203.890 Thread 0x0000017cd641afb0 DEOPT UNPACKING pc=0x0000017cbf6a7aa2 sp=0x000000301c9fb210 mode 2
Event: 203.932 Thread 0x0000017cd641afb0 Uncommon trap: trap_request=0xffffff45 fr.pc=0x0000017cc031e244 relative=0x0000000000003ac4
Event: 203.932 Thread 0x0000017cd641afb0 Uncommon trap: reason=unstable_if action=reinterpret pc=0x0000017cc031e244 method=org.gradle.internal.snapshot.impl.DirectorySnapshotter$PathVisitor.visitResolvedFile(Ljava/nio/file/Path;Ljava/nio/file/attribute/BasicFileAttributes;Lorg/gradle/internal/fi
Event: 203.932 Thread 0x0000017cd641afb0 DEOPT PACKING pc=0x0000017cc031e244 sp=0x000000301c9fa6a0
Event: 203.932 Thread 0x0000017cd641afb0 DEOPT UNPACKING pc=0x0000017cbf6a7aa2 sp=0x000000301c9fa628 mode 2
Event: 204.033 Thread 0x0000017cd641bcd0 Uncommon trap: trap_request=0xffffffc6 fr.pc=0x0000017cbffde108 relative=0x0000000000000be8
Event: 204.033 Thread 0x0000017cd641bcd0 Uncommon trap: reason=bimorphic_or_optimized_type_check action=maybe_recompile pc=0x0000017cbffde108 method=java.io.BufferedInputStream.read1([BII)I @ 52 c2
Event: 204.033 Thread 0x0000017cd641bcd0 DEOPT PACKING pc=0x0000017cbffde108 sp=0x000000301cafece0
Event: 204.033 Thread 0x0000017cd641bcd0 DEOPT UNPACKING pc=0x0000017cbf6a7aa2 sp=0x000000301cafebf8 mode 2
Event: 205.104 Thread 0x0000017cd641afb0 Uncommon trap: trap_request=0xffffffc6 fr.pc=0x0000017cc003c130 relative=0x0000000000000110
Event: 205.104 Thread 0x0000017cd641afb0 Uncommon trap: reason=bimorphic_or_optimized_type_check action=maybe_recompile pc=0x0000017cc003c130 method=com.google.common.collect.RegularImmutableMap.checkNoConflictInKeyBucket(Ljava/lang/Object;Ljava/lang/Object;Lcom/google/common/collect/ImmutableMa
Event: 205.104 Thread 0x0000017cd641afb0 DEOPT PACKING pc=0x0000017cc003c130 sp=0x000000301c9fd0c0
Event: 205.104 Thread 0x0000017cd641afb0 DEOPT UNPACKING pc=0x0000017cbf6a7aa2 sp=0x000000301c9fd078 mode 2
Event: 205.248 Thread 0x0000017cd641c9f0 Uncommon trap: trap_request=0xffffffde fr.pc=0x0000017cbff9313c relative=0x000000000000065c
Event: 205.248 Thread 0x0000017cd641c9f0 Uncommon trap: reason=class_check action=maybe_recompile pc=0x0000017cbff9313c method=org.gradle.internal.snapshot.impl.AbstractValueProcessor.processValue(Ljava/lang/Object;Lorg/gradle/internal/snapshot/impl/AbstractValueProcessor$ValueVisitor;)Ljava/lan
Event: 205.248 Thread 0x0000017cd641c9f0 DEOPT PACKING pc=0x0000017cbff9313c sp=0x000000301c6f8ea0
Event: 205.248 Thread 0x0000017cd641c9f0 DEOPT UNPACKING pc=0x0000017cbf6a7aa2 sp=0x000000301c6f8e30 mode 2

Classes loaded (20 events):
Event: 199.760 Loading class java/io/FilterReader
Event: 199.761 Loading class java/io/FilterReader done
Event: 200.028 Loading class java/lang/invoke/MethodHandleImpl$CountingWrapper$1
Event: 200.028 Loading class java/lang/invoke/MethodHandleImpl$CountingWrapper$1 done
Event: 200.533 Loading class java/io/SequenceInputStream
Event: 200.533 Loading class java/io/SequenceInputStream done
Event: 200.544 Loading class java/util/function/IntUnaryOperator
Event: 200.544 Loading class java/util/function/IntUnaryOperator done
Event: 202.156 Loading class java/util/stream/ReferencePipeline$4
Event: 202.156 Loading class java/util/stream/IntPipeline$StatelessOp
Event: 202.157 Loading class java/util/stream/IntPipeline$StatelessOp done
Event: 202.157 Loading class java/util/stream/ReferencePipeline$4 done
Event: 202.157 Loading class java/util/stream/ReduceOps$6
Event: 202.157 Loading class java/util/stream/ReduceOps$6 done
Event: 202.157 Loading class java/util/stream/ReduceOps$5ReducingSink
Event: 202.157 Loading class java/util/stream/ReduceOps$5ReducingSink done
Event: 202.157 Loading class java/util/stream/ReferencePipeline$4$1
Event: 202.157 Loading class java/util/stream/ReferencePipeline$4$1 done
Event: 203.832 Loading class java/nio/file/FileTreeWalker$1
Event: 203.832 Loading class java/nio/file/FileTreeWalker$1 done

Classes unloaded (0 events):
No events

Classes redefined (0 events):
No events

Internal exceptions (20 events):
Event: 206.937 Thread 0x0000017cd0669bd0 Exception <a 'sun/nio/fs/WindowsException'{0x0000000089c128e8}> (0x0000000089c128e8) 
thrown [s\src\hotspot\share\prims\jni.cpp, line 537]
Event: 206.937 Thread 0x0000017cd641c9f0 Exception <a 'sun/nio/fs/WindowsException'{0x0000000089c96448}> (0x0000000089c96448) 
thrown [s\src\hotspot\share\prims\jni.cpp, line 537]
Event: 206.942 Thread 0x0000017cd35780c0 Exception <a 'sun/nio/fs/WindowsException'{0x0000000089a8d848}> (0x0000000089a8d848) 
thrown [s\src\hotspot\share\prims\jni.cpp, line 537]
Event: 206.948 Thread 0x0000017cd0669bd0 Exception <a 'sun/nio/fs/WindowsException'{0x0000000089550b78}> (0x0000000089550b78) 
thrown [s\src\hotspot\share\prims\jni.cpp, line 537]
Event: 206.948 Thread 0x0000017cd641c9f0 Exception <a 'sun/nio/fs/WindowsException'{0x0000000089530118}> (0x0000000089530118) 
thrown [s\src\hotspot\share\prims\jni.cpp, line 537]
Event: 206.948 Thread 0x0000017cd066a260 Exception <a 'sun/nio/fs/WindowsException'{0x000000008958f620}> (0x000000008958f620) 
thrown [s\src\hotspot\share\prims\jni.cpp, line 537]
Event: 206.952 Thread 0x0000017cd35780c0 Exception <a 'sun/nio/fs/WindowsException'{0x000000008933c720}> (0x000000008933c720) 
thrown [s\src\hotspot\share\prims\jni.cpp, line 537]
Event: 206.959 Thread 0x0000017cd0669bd0 Exception <a 'sun/nio/fs/WindowsException'{0x00000000890ccd00}> (0x00000000890ccd00) 
thrown [s\src\hotspot\share\prims\jni.cpp, line 537]
Event: 206.960 Thread 0x0000017cd066a260 Exception <a 'sun/nio/fs/WindowsException'{0x0000000088e0c468}> (0x0000000088e0c468) 
thrown [s\src\hotspot\share\prims\jni.cpp, line 537]
Event: 206.961 Thread 0x0000017cd641c9f0 Exception <a 'sun/nio/fs/WindowsException'{0x0000000088ebf6f0}> (0x0000000088ebf6f0) 
thrown [s\src\hotspot\share\prims\jni.cpp, line 537]
Event: 206.964 Thread 0x0000017cd35780c0 Exception <a 'sun/nio/fs/WindowsException'{0x0000000088ccef38}> (0x0000000088ccef38) 
thrown [s\src\hotspot\share\prims\jni.cpp, line 537]
Event: 206.969 Thread 0x0000017cd0669bd0 Exception <a 'sun/nio/fs/WindowsException'{0x00000000889602b8}> (0x00000000889602b8) 
thrown [s\src\hotspot\share\prims\jni.cpp, line 537]
Event: 206.970 Thread 0x0000017cd066a260 Exception <a 'sun/nio/fs/WindowsException'{0x0000000088815c60}> (0x0000000088815c60) 
thrown [s\src\hotspot\share\prims\jni.cpp, line 537]
Event: 206.975 Thread 0x0000017cd641c9f0 Exception <a 'sun/nio/fs/WindowsException'{0x00000000887ed3a0}> (0x00000000887ed3a0) 
thrown [s\src\hotspot\share\prims\jni.cpp, line 537]
Event: 206.979 Thread 0x0000017cd35780c0 Exception <a 'sun/nio/fs/WindowsException'{0x0000000088340420}> (0x0000000088340420) 
thrown [s\src\hotspot\share\prims\jni.cpp, line 537]
Event: 206.979 Thread 0x0000017cd066a260 Exception <a 'sun/nio/fs/WindowsException'{0x0000000088319c18}> (0x0000000088319c18) 
thrown [s\src\hotspot\share\prims\jni.cpp, line 537]
Event: 206.987 Thread 0x0000017cd0669bd0 Exception <a 'sun/nio/fs/WindowsException'{0x000000008817fd50}> (0x000000008817fd50) 
thrown [s\src\hotspot\share\prims\jni.cpp, line 537]
Event: 206.987 Thread 0x0000017cd641c9f0 Exception <a 'sun/nio/fs/WindowsException'{0x00000000880b6e48}> (0x00000000880b6e48) 
thrown [s\src\hotspot\share\prims\jni.cpp, line 537]
Event: 206.992 Thread 0x0000017cd35780c0 Exception <a 'sun/nio/fs/WindowsException'{0x0000000087d63ae0}> (0x0000000087d63ae0) 
thrown [s\src\hotspot\share\prims\jni.cpp, line 537]
Event: 206.993 Thread 0x0000017cd066a260 Exception <a 'sun/nio/fs/WindowsException'{0x0000000087c2b580}> (0x0000000087c2b580) 
thrown [s\src\hotspot\share\prims\jni.cpp, line 537]

ZGC Phase Switch (0 events):
No events

VM Operations (20 events):
Event: 203.862 Executing VM operation: HandshakeAllThreads (Deoptimize) done
Event: 203.864 Executing VM operation: G1PauseCleanup
Event: 203.864 Executing VM operation: G1PauseCleanup done
Event: 203.876 Executing VM operation: HandshakeAllThreads (Deoptimize)
Event: 203.876 Executing VM operation: HandshakeAllThreads (Deoptimize) done
Event: 204.367 Executing VM operation: G1CollectForAllocation (G1 Evacuation Pause)
Event: 204.374 Executing VM operation: G1CollectForAllocation (G1 Evacuation Pause) done
Event: 204.760 Executing VM operation: G1CollectForAllocation (G1 Evacuation Pause)
Event: 204.783 Executing VM operation: G1CollectForAllocation (G1 Evacuation Pause) done
Event: 205.435 Executing VM operation: G1CollectForAllocation (G1 Evacuation Pause)
Event: 205.441 Executing VM operation: G1CollectForAllocation (G1 Evacuation Pause) done
Event: 205.643 Executing VM operation: G1PauseRemark
Event: 205.651 Executing VM operation: G1PauseRemark done
Event: 205.711 Executing VM operation: G1PauseCleanup
Event: 205.711 Executing VM operation: G1PauseCleanup done
Event: 206.507 Executing VM operation: G1CollectForAllocation (G1 Evacuation Pause)
Event: 206.515 Executing VM operation: G1CollectForAllocation (G1 Evacuation Pause) done
Event: 206.804 Executing VM operation: G1CollectForAllocation (G1 Evacuation Pause)
Event: 206.813 Executing VM operation: G1CollectForAllocation (G1 Evacuation Pause) done
Event: 206.996 Executing VM operation: G1CollectForAllocation (G1 Evacuation Pause)

Memory protections (0 events):
No events

Nmethod flushes (20 events):
Event: 205.649 Thread 0x0000017ccbdf78f0 flushing  nmethod 0x0000017cb9239710
Event: 205.649 Thread 0x0000017ccbdf78f0 flushing  nmethod 0x0000017cb925a410
Event: 205.649 Thread 0x0000017ccbdf78f0 flushing  nmethod 0x0000017cb9260490
Event: 205.649 Thread 0x0000017ccbdf78f0 flushing  nmethod 0x0000017cb9260a10
Event: 205.649 Thread 0x0000017ccbdf78f0 flushing  nmethod 0x0000017cb9261b90
Event: 205.649 Thread 0x0000017ccbdf78f0 flushing  nmethod 0x0000017cb9262510
Event: 205.649 Thread 0x0000017ccbdf78f0 flushing  nmethod 0x0000017cb9269e10
Event: 205.649 Thread 0x0000017ccbdf78f0 flushing  nmethod 0x0000017cb92acc90
Event: 205.649 Thread 0x0000017ccbdf78f0 flushing  nmethod 0x0000017cb92af690
Event: 205.649 Thread 0x0000017ccbdf78f0 flushing  nmethod 0x0000017cb92afd10
Event: 205.649 Thread 0x0000017ccbdf78f0 flushing  nmethod 0x0000017cb92b1590
Event: 205.649 Thread 0x0000017ccbdf78f0 flushing  nmethod 0x0000017cb92dcd90
Event: 205.649 Thread 0x0000017ccbdf78f0 flushing  nmethod 0x0000017cb92dd610
Event: 205.649 Thread 0x0000017ccbdf78f0 flushing  nmethod 0x0000017cb92ddd10
Event: 205.649 Thread 0x0000017ccbdf78f0 flushing  nmethod 0x0000017cb92dfb10
Event: 205.649 Thread 0x0000017ccbdf78f0 flushing  nmethod 0x0000017cb92f4310
Event: 205.649 Thread 0x0000017ccbdf78f0 flushing  nmethod 0x0000017cb92f7b90
Event: 205.649 Thread 0x0000017ccbdf78f0 flushing  nmethod 0x0000017cb92fba90
Event: 205.649 Thread 0x0000017ccbdf78f0 flushing  nmethod 0x0000017cb92fe210
Event: 205.649 Thread 0x0000017ccbdf78f0 flushing  nmethod 0x0000017cb92fe810

Events (20 events):
Event: 200.962 Thread 0x0000017cd641a290 Thread added: 0x0000017cd641d710
Event: 202.017 Thread 0x0000017cd641a290 Thread added: 0x0000017cd641dda0
Event: 202.017 Thread 0x0000017cd641a290 Thread added: 0x0000017cd641a920
Event: 202.019 Thread 0x0000017cd641a290 Thread added: 0x0000017cd641f7e0
Event: 202.466 Thread 0x0000017cd641a290 Thread added: 0x0000017cd6420500
Event: 202.483 Thread 0x0000017cd641a290 Thread added: 0x0000017cd641e430
Event: 202.484 Thread 0x0000017cd641a290 Thread added: 0x0000017cd6420b90
Event: 202.842 Thread 0x0000017cd641afb0 Thread added: 0x0000017cd1548320
Event: 202.842 Thread 0x0000017cd641afb0 Thread added: 0x0000017cd1545530
Event: 202.842 Thread 0x0000017cd641afb0 Thread added: 0x0000017cd1544ea0
Event: 203.131 Thread 0x0000017cd7420280 Thread exited: 0x0000017cd7420280
Event: 203.163 Thread 0x0000017cd641afb0 Thread added: 0x0000017cd1542dd0
Event: 203.205 Thread 0x0000017cd641afb0 Thread added: 0x0000017cd1543460
Event: 203.205 Thread 0x0000017cd641afb0 Thread added: 0x0000017cd1543af0
Event: 203.205 Thread 0x0000017cd641afb0 Thread added: 0x0000017cd1544180
Event: 203.472 Thread 0x0000017cd641afb0 Thread added: 0x0000017cd1544810
Event: 203.473 Thread 0x0000017cd641afb0 Thread added: 0x0000017cd1541390
Event: 203.473 Thread 0x0000017cd641afb0 Thread added: 0x0000017cd15420b0
Event: 203.838 Thread 0x0000017cd0095740 Thread added: 0x0000017cd7421dc0
Event: 204.213 Thread 0x0000017cd7421dc0 Thread exited: 0x0000017cd7421dc0


Dynamic libraries:
0x00007ff7d25c0000 - 0x00007ff7d25ca000 	C:\Program Files\Android\Android Studio1\jbr\bin\java.exe
0x00007ff9347e0000 - 0x00007ff934a46000 	C:\WINDOWS\SYSTEM32\ntdll.dll
0x00007ff933550000 - 0x00007ff933619000 	C:\WINDOWS\System32\KERNEL32.DLL
0x00007ff932150000 - 0x00007ff93254a000 	C:\WINDOWS\System32\KERNELBASE.dll
0x00007ff931ca0000 - 0x00007ff931dec000 	C:\WINDOWS\System32\ucrtbase.dll
0x00007ff904500000 - 0x00007ff90451b000 	C:\Program Files\Android\Android Studio1\jbr\bin\VCRUNTIME140.dll
0x00007ff8e7bc0000 - 0x00007ff8e7bd8000 	C:\Program Files\Android\Android Studio1\jbr\bin\jli.dll
0x00007ff933620000 - 0x00007ff9337e7000 	C:\WINDOWS\System32\USER32.dll
0x00007ff932120000 - 0x00007ff932147000 	C:\WINDOWS\System32\win32u.dll
0x00007ff917cf0000 - 0x00007ff917f82000 	C:\WINDOWS\WinSxS\amd64_microsoft.windows.common-controls_6595b64144ccf1df_6.0.26100.8521_none_3e08b75ce33403b3\COMCTL32.dll
0x00007ff932630000 - 0x00007ff93265b000 	C:\WINDOWS\System32\GDI32.dll
0x00007ff931eb0000 - 0x00007ff931fdb000 	C:\WINDOWS\System32\gdi32full.dll
0x00007ff9334a0000 - 0x00007ff933549000 	C:\WINDOWS\System32\msvcrt.dll
0x00007ff931a70000 - 0x00007ff931b13000 	C:\WINDOWS\System32\msvcp_win.dll
0x00007ff933da0000 - 0x00007ff933dd2000 	C:\WINDOWS\System32\IMM32.DLL
0x00007ff92c990000 - 0x00007ff92c99c000 	C:\Program Files\Android\Android Studio1\jbr\bin\vcruntime140_1.dll
0x00007ff8d2cd0000 - 0x00007ff8d2d5d000 	C:\Program Files\Android\Android Studio1\jbr\bin\msvcp140.dll
0x00007ff8576f0000 - 0x00007ff858386000 	C:\Program Files\Android\Android Studio1\jbr\bin\server\jvm.dll
0x00007ff933b30000 - 0x00007ff933be6000 	C:\WINDOWS\System32\ADVAPI32.dll
0x00007ff9333f0000 - 0x00007ff93349a000 	C:\WINDOWS\System32\sechost.dll
0x00007ff9337f0000 - 0x00007ff933908000 	C:\WINDOWS\System32\RPCRT4.dll
0x00007ff932970000 - 0x00007ff9329f0000 	C:\WINDOWS\System32\WS2_32.dll
0x00007ff9318d0000 - 0x00007ff93192e000 	C:\WINDOWS\SYSTEM32\POWRPROF.dll
0x00007ff922570000 - 0x00007ff92257b000 	C:\WINDOWS\SYSTEM32\VERSION.dll
0x00007ff929c30000 - 0x00007ff929c66000 	C:\WINDOWS\SYSTEM32\WINMM.dll
0x00007ff9318b0000 - 0x00007ff9318c4000 	C:\WINDOWS\SYSTEM32\UMPDC.dll
0x00007ff930800000 - 0x00007ff93081b000 	C:\WINDOWS\SYSTEM32\kernel.appcore.dll
0x00007ff92c980000 - 0x00007ff92c98a000 	C:\Program Files\Android\Android Studio1\jbr\bin\jimage.dll
0x00007ff9207f0000 - 0x00007ff920a32000 	C:\WINDOWS\SYSTEM32\DBGHELP.DLL
0x00007ff933de0000 - 0x00007ff934163000 	C:\WINDOWS\System32\combase.dll
0x00007ff932550000 - 0x00007ff932629000 	C:\WINDOWS\System32\OLEAUT32.dll
0x00007ff920a40000 - 0x00007ff920a7b000 	C:\WINDOWS\SYSTEM32\dbgcore.DLL
0x00007ff931fe0000 - 0x00007ff932088000 	C:\WINDOWS\System32\bcryptPrimitives.dll
0x00007ff903060000 - 0x00007ff90306e000 	C:\Program Files\Android\Android Studio1\jbr\bin\instrument.dll
0x00007ff9044c0000 - 0x00007ff9044e0000 	C:\Program Files\Android\Android Studio1\jbr\bin\java.dll
0x00007ff9044a0000 - 0x00007ff9044b8000 	C:\Program Files\Android\Android Studio1\jbr\bin\zip.dll
0x00007ff932a00000 - 0x00007ff933184000 	C:\WINDOWS\System32\SHELL32.dll
0x00007ff92f650000 - 0x00007ff92fed0000 	C:\WINDOWS\SYSTEM32\windows.storage.dll
0x00007ff9326e0000 - 0x00007ff9327d6000 	C:\WINDOWS\System32\SHCORE.dll
0x00007ff932900000 - 0x00007ff932967000 	C:\WINDOWS\System32\shlwapi.dll
0x00007ff931990000 - 0x00007ff9319b9000 	C:\WINDOWS\SYSTEM32\profapi.dll
0x00007ff908ee0000 - 0x00007ff908ef0000 	C:\Program Files\Android\Android Studio1\jbr\bin\net.dll
0x00007ff923ae0000 - 0x00007ff923c09000 	C:\WINDOWS\SYSTEM32\WINHTTP.dll
0x00007ff930d70000 - 0x00007ff930ddc000 	C:\WINDOWS\system32\mswsock.dll
0x00007ff904480000 - 0x00007ff904496000 	C:\Program Files\Android\Android Studio1\jbr\bin\nio.dll
0x00007ff9037d0000 - 0x00007ff9037e0000 	C:\Program Files\Android\Android Studio1\jbr\bin\verify.dll
0x00007ff8e59b0000 - 0x00007ff8e59d7000 	C:\Users\K.E\.gradle\native\660c5614fbf4a5f2a75b1949f50a0caf5cd603558e7d8a26e50b933a0cfb79d1\windows-amd64\native-platform.dll
0x00007ff8d2c50000 - 0x00007ff8d2cc7000 	C:\Users\K.E\.gradle\native\0.2.8\x86_64-windows-gnu\gradle-fileevents.dll
0x00007ff904a30000 - 0x00007ff904a39000 	C:\Program Files\Android\Android Studio1\jbr\bin\management.dll
0x00007ff9046b0000 - 0x00007ff9046bb000 	C:\Program Files\Android\Android Studio1\jbr\bin\management_ext.dll
0x00007ff934300000 - 0x00007ff934308000 	C:\WINDOWS\System32\PSAPI.DLL
0x00007ff930250000 - 0x00007ff930283000 	C:\WINDOWS\SYSTEM32\IPHLPAPI.DLL
0x00007ff9327e0000 - 0x00007ff9327ea000 	C:\WINDOWS\System32\NSI.dll
0x00007ff908b90000 - 0x00007ff908b99000 	C:\Program Files\Android\Android Studio1\jbr\bin\extnet.dll
0x00007ff931050000 - 0x00007ff93106b000 	C:\WINDOWS\SYSTEM32\CRYPTSP.dll
0x00007ff930760000 - 0x00007ff930799000 	C:\WINDOWS\system32\rsaenh.dll
0x00007ff930e20000 - 0x00007ff930e53000 	C:\WINDOWS\SYSTEM32\USERENV.dll
0x00007ff931960000 - 0x00007ff93198a000 	C:\WINDOWS\SYSTEM32\bcrypt.dll
0x00007ff931070000 - 0x00007ff93107c000 	C:\WINDOWS\SYSTEM32\CRYPTBASE.dll
0x00007ff917bf0000 - 0x00007ff917bf8000 	C:\WINDOWS\system32\wshunix.dll
0x00007ff9302f0000 - 0x00007ff93043a000 	C:\WINDOWS\SYSTEM32\DNSAPI.dll
0x00007ff930b20000 - 0x00007ff930b2d000 	C:\WINDOWS\SYSTEM32\DSPARSE.dll
0x00007ff922b30000 - 0x00007ff922b3b000 	C:\Windows\System32\rasadhlp.dll
0x00007ff929940000 - 0x00007ff9299c6000 	C:\WINDOWS\System32\fwpuclnt.dll

JVMTI agents:
C:\Users\K.E\.gradle\wrapper\dists\gradle-9.3.1-bin\23ovyewtku6u96viwx3xl3oks\gradle-9.3.1\lib\agents\gradle-instrumentation-agent-9.3.1.jar path:C:\Program Files\Android\Android Studio1\jbr\bin\instrument.dll, loaded, initialized, instrumentlib options:none

dbghelp: loaded successfully - version: 4.0.5 - missing functions: none
symbol engine: initialized successfully - sym options: 0x614 - pdb path: .;C:\Program Files\Android\Android Studio1\jbr\bin;C:\WINDOWS\SYSTEM32;C:\WINDOWS\WinSxS\amd64_microsoft.windows.common-controls_6595b64144ccf1df_6.0.26100.8521_none_3e08b75ce33403b3;C:\Program Files\Android\Android Studio1\jbr\bin\server;C:\Users\K.E\.gradle\native\660c5614fbf4a5f2a75b1949f50a0caf5cd603558e7d8a26e50b933a0cfb79d1\windows-amd64;C:\Users\K.E\.gradle\native\0.2.8\x86_64-windows-gnu

VM Arguments:
jvm_args: --add-opens=java.base/java.lang=ALL-UNNAMED --add-opens=java.base/java.lang.invoke=ALL-UNNAMED --add-opens=java.base/java.util=ALL-UNNAMED --add-opens=java.prefs/java.util.prefs=ALL-UNNAMED --add-exports=jdk.compiler/com.sun.tools.javac.api=ALL-UNNAMED --add-exports=jdk.compiler/com.sun.tools.javac.util=ALL-UNNAMED --add-opens=java.base/java.util=ALL-UNNAMED --add-opens=java.prefs/java.util.prefs=ALL-UNNAMED --add-opens=java.base/java.nio.charset=ALL-UNNAMED --add-opens=java.base/java.net=ALL-UNNAMED --add-opens=java.base/java.util.concurrent=ALL-UNNAMED --add-opens=java.base/java.util.concurrent.atomic=ALL-UNNAMED --add-opens=java.xml/javax.xml.namespace=ALL-UNNAMED --add-opens=java.base/java.time=ALL-UNNAMED -Xmx2048m -Dfile.encoding=UTF-8 -Duser.country=US -Duser.language=en -Duser.variant -javaagent:C:\Users\K.E\.gradle\wrapper\dists\gradle-9.3.1-bin\23ovyewtku6u96viwx3xl3oks\gradle-9.3.1\lib\agents\gradle-instrumentation-agent-9.3.1.jar 
java_command: org.gradle.launcher.daemon.bootstrap.GradleDaemon 9.3.1
java_class_path (initial): C:\Users\K.E\.gradle\wrapper\dists\gradle-9.3.1-bin\23ovyewtku6u96viwx3xl3oks\gradle-9.3.1\lib\gradle-daemon-main-9.3.1.jar
Launcher Type: SUN_STANDARD

[Global flags]
     intx CICompilerCount                          = 3                                         {product} {ergonomic}
     uint ConcGCThreads                            = 1                                         {product} {ergonomic}
     uint G1ConcRefinementThreads                  = 4                                         {product} {ergonomic}
   size_t G1HeapRegionSize                         = 1048576                                   {product} {ergonomic}
    uintx GCDrainStackTargetSize                   = 64                                        {product} {ergonomic}
   size_t InitialHeapSize                          = 130023424                                 {product} {ergonomic}
   size_t MarkStackSize                            = 4194304                                   {product} {ergonomic}
   size_t MaxHeapSize                              = 2147483648                                {product} {command line}
   size_t MaxNewSize                               = 1287651328                                {product} {ergonomic}
   size_t MinHeapDeltaBytes                        = 1048576                                   {product} {ergonomic}
   size_t MinHeapSize                              = 8388608                                   {product} {ergonomic}
    uintx NonNMethodCodeHeapSize                   = 5832780                                {pd product} {ergonomic}
    uintx NonProfiledCodeHeapSize                  = 122912730                              {pd product} {ergonomic}
    uintx ProfiledCodeHeapSize                     = 122912730                              {pd product} {ergonomic}
    uintx ReservedCodeCacheSize                    = 251658240                              {pd product} {ergonomic}
     bool SegmentedCodeCache                       = true                                      {product} {ergonomic}
   size_t SoftMaxHeapSize                          = 2147483648                             {manageable} {ergonomic}
     bool UseCompressedOops                        = true                           {product lp64_product} {ergonomic}
     bool UseG1GC                                  = true                                      {product} {ergonomic}
     bool UseLargePagesIndividualAllocation        = false                                  {pd product} {ergonomic}

Logging:
Log output configuration:
 #0: stdout all=warning uptime,level,tags foldmultilines=false
 #1: stderr all=off uptime,level,tags foldmultilines=false

Release file:
JAVA_VERSION="21.0.9" 
MODULES="java.base java.compiler java.datatransfer java.xml java.prefs java.desktop java.instrument java.logging java.management java.security.sasl java.naming java.rmi java.management.rmi java.net.http java.scripting java.security.jgss java.transaction.xa java.sql java.sql.rowset java.xml.crypto java.se java.smartcardio jdk.accessibility jdk.internal.jvmstat jdk.attach jdk.charsets jdk.internal.opt jdk.zipfs jdk.compiler jdk.crypto.ec jdk.crypto.cryptoki jdk.dynalink jdk.hotspot.agent jdk.httpserver jdk.internal.ed jdk.internal.le jdk.internal.vm.ci jdk.jartool jdk.javadoc jdk.jcmd jdk.jdeps jdk.jdwp.agent jdk.jdi jdk.jfr jdk.jlink jdk.jsobject jdk.localedata jdk.management jdk.management.agent jdk.management.jfr jdk.naming.dns jdk.naming.rmi jdk.net jdk.sctp jdk.security.auth jdk.security.jgss jdk.unsupported jdk.unsupported.desktop jdk.xml.dom" 
IMPLEMENTOR="JetBrains s.r.o." 
JAVA_RUNTIME_VERSION="21.0.9+-14787801-b1163.94" 
LIBC="default" 
OS_ARCH="x86_64" 
OS_NAME="Windows" 
SOURCE=".:git:0c757ddc9f2f" 

Environment Variables:
JAVA_HOME=C:\Program Files\Eclipse Adoptium\jre-8.0.492.9-hotspot\
PATH=C:\Program Files\Python314\Scripts\;C:\Program Files\Python314\;C:\Program Files\Eclipse Adoptium\jre-8.0.492.9-hotspot\bin;C:\WINDOWS\system32;C:\WINDOWS;C:\WINDOWS\System32\Wbem;C:\WINDOWS\System32\WindowsPowerShell\v1.0\;C:\WINDOWS\System32\OpenSSH\;C:\Program Files (x86)\Common Files\Intuit\QBPOSSDKRuntime;C:\Program Files\Git\cmd;C:\Program Files\MySQL\MySQL Shell 8.0\bin\;C:\Users\K.E\AppData\Local\Microsoft\WindowsApps;;C:\Users\K.E\AppData\Local\Programs\Microsoft VS Code\bin
USERNAME=K.E
OS=Windows_NT
PROCESSOR_IDENTIFIER=Intel64 Family 6 Model 140 Stepping 1, GenuineIntel
TMP=C:\Users\K.E\AppData\Local\Temp
TEMP=C:\Users\K.E\AppData\Local\Temp




Periodic native trim disabled

JNI global refs:
JNI global refs: 27, weak refs: 0

JNI global refs memory usage: 835, weak refs: 833

Process memory usage:
Resident Set Size: 530560K (6% of 8104744K total physical memory with 1295592K free physical memory)

OOME stack traces (most recent first):
Classloader memory used:
Loader org.gradle.internal.classloader.VisitableURLClassLoader                         : 45156K
Loader bootstrap                                                                       : 31837K
Loader org.gradle.internal.classloader.VisitableURLClassLoader$InstrumentingVisitableURLClassLoader: 27267K
Loader org.gradle.initialization.MixInLegacyTypesClassLoader                           : 12992K
Loader jdk.internal.loader.ClassLoaders$PlatformClassLoader                            : 404K
Loader jdk.internal.reflect.DelegatingClassLoader                                      : 354K
Loader jdk.internal.loader.ClassLoaders$AppClassLoader                                 : 231K
Loader org.gradle.internal.classloader.VisitableURLClassLoader                         : 190K
Loader org.gradle.groovy.scripts.internal.DefaultScriptCompilationHandler$ScriptClassLoader: 128K

Classes loaded by more than one classloader:
Class Program                                                                         : loaded 5 times (x 72B)
Class Build_gradle                                                                    : loaded 3 times (x 126B)
Class com.google.common.collect.RegularImmutableMap$KeySet                            : loaded 2 times (x 152B)
Class org.gradle.internal.classloader.FilteringClassLoader                            : loaded 2 times (x 105B)
Class com.google.common.base.CharMatcher$IsEither                                     : loaded 2 times (x 111B)
Class org.gradle.internal.classloader.ClassLoaderHierarchy                            : loaded 2 times (x 70B)
Class com.google.common.collect.ImmutableEnumSet                                      : loaded 2 times (x 146B)
Class com.google.common.util.concurrent.ExecutionError                                : loaded 2 times (x 82B)
Class com.google.common.collect.ImmutableList$1                                       : loaded 2 times (x 97B)
Class org.gradle.api.internal.classpath.ManifestUtil                                  : loaded 2 times (x 71B)
Class com.google.common.collect.RegularImmutableMap                                   : loaded 2 times (x 121B)
Class com.google.common.collect.ImmutableMap$MapViewOfValuesAsSingletonSets           : loaded 2 times (x 126B)
Class [Lorg.objectweb.asm.Symbol;                                                     : loaded 2 times (x 69B)
Class org.objectweb.asm.ClassVisitor                                                  : loaded 2 times (x 88B)
Class com.google.common.collect.UnmodifiableListIterator                              : loaded 2 times (x 95B)
Class com.google.common.base.Platform$JdkPatternCompiler                              : loaded 2 times (x 75B)
Class org.objectweb.asm.MethodTooLargeException                                       : loaded 2 times (x 83B)
Class [Lcom.google.common.cache.CacheBuilder$OneWeigher;                              : loaded 2 times (x 69B)
Class com.google.common.base.Suppliers                                                : loaded 2 times (x 71B)
Class org.gradle.internal.classloader.DefaultClassLoaderFactory                       : loaded 2 times (x 82B)
Class org.gradle.internal.classloader.ClassLoaderVisitor                              : loaded 2 times (x 76B)
Class [Lcom.google.common.collect.ImmutableMapEntry;                                  : loaded 2 times (x 69B)
Class org.gradle.api.internal.classpath.EffectiveClassPath                            : loaded 2 times (x 90B)
Class [Lorg.apache.commons.io.StandardLineSeparator;                                  : loaded 2 times (x 69B)
Class org.apache.commons.io.output.StringBuilderWriter                                : loaded 2 times (x 100B)
Class com.google.common.collect.ListMultimap                                          : loaded 2 times (x 70B)
Class com.google.common.collect.ImmutableEnumMap                                      : loaded 2 times (x 126B)
Class com.google.common.collect.Sets$1                                                : loaded 2 times (x 139B)
Class org.objectweb.asm.AnnotationVisitor                                             : loaded 2 times (x 78B)
Class org.gradle.api.internal.DefaultClassPathProvider                                : loaded 2 times (x 76B)
Class com.google.common.collect.Sets$2                                                : loaded 2 times (x 139B)
Class [Lorg.gradle.api.internal.ClassPathProvider;                                    : loaded 2 times (x 69B)
Class org.gradle.api.internal.ClassPathProvider                                       : loaded 2 times (x 70B)
Class [Lorg.objectweb.asm.AnnotationVisitor;                                          : loaded 2 times (x 69B)
Class com.google.common.collect.Sets$3                                                : loaded 2 times (x 139B)
Class com.google.common.cache.LocalCache$LocalLoadingCache                            : loaded 2 times (x 134B)
Class org.gradle.internal.service.UnknownServiceException                             : loaded 2 times (x 83B)
Class com.google.common.collect.Sets$4                                                : loaded 2 times (x 139B)
Class org.objectweb.asm.ModuleVisitor                                                 : loaded 2 times (x 81B)
Class com.google.common.cache.LocalCache$Strength$1                                   : loaded 2 times (x 81B)
Class org.apache.commons.io.output.QueueOutputStream                                  : loaded 2 times (x 87B)
Class com.google.common.util.concurrent.SettableFuture                                : loaded 2 times (x 114B)
Class com.google.common.cache.LocalCache$Strength$2                                   : loaded 2 times (x 81B)
Class com.google.common.cache.LocalCache$Strength$3                                   : loaded 2 times (x 81B)
Class com.google.common.collect.MapDifference                                         : loaded 2 times (x 70B)
Class org.objectweb.asm.FieldWriter                                                   : loaded 2 times (x 78B)
Class com.google.common.cache.CacheBuilder$NullListener                               : loaded 2 times (x 82B)
Class org.gradle.internal.classpath.TransformedClassPath                              : loaded 2 times (x 96B)
Class org.gradle.internal.classloader.InstrumentingClassLoader                        : loaded 2 times (x 70B)
Class org.apache.commons.io.output.UnsynchronizedByteArrayOutputStream                : loaded 2 times (x 102B)
Class com.google.common.cache.CacheLoader$FunctionToCacheLoader                       : loaded 2 times (x 75B)
Class com.google.common.collect.Iterators$ArrayItr                                    : loaded 2 times (x 97B)
Class com.google.common.collect.ImmutableCollection$Builder                           : loaded 2 times (x 76B)
Class org.apache.commons.io.output.ByteArrayOutputStream                              : loaded 2 times (x 102B)
Class com.google.common.base.Joiner                                                   : loaded 2 times (x 79B)
Class com.google.common.base.Equivalence$Identity                                     : loaded 2 times (x 82B)
Class com.google.common.collect.Platform                                              : loaded 2 times (x 71B)
Class [Lorg.objectweb.asm.Type;                                                       : loaded 2 times (x 69B)
Class com.google.common.collect.UnmodifiableIterator                                  : loaded 2 times (x 80B)
Class org.gradle.internal.service.ServiceLocator                                      : loaded 2 times (x 70B)
Class com.google.common.base.Ascii                                                    : loaded 2 times (x 71B)
Class com.google.common.collect.SingletonImmutableBiMap                               : loaded 2 times (x 143B)
Class com.google.common.cache.LocalCache$1                                            : loaded 2 times (x 89B)
Class com.google.common.collect.Iterators$SingletonIterator                           : loaded 2 times (x 81B)
Class com.google.common.collect.AbstractMapEntry                                      : loaded 2 times (x 81B)
Class com.google.common.collect.Sets$ImprovedAbstractSet                              : loaded 2 times (x 135B)
Class com.google.common.collect.ImmutableList$Builder                                 : loaded 2 times (x 77B)
Class com.google.common.collect.AbstractMultimap                                      : loaded 2 times (x 123B)
Class com.google.common.cache.LocalCache$2                                            : loaded 2 times (x 142B)
Class com.google.common.collect.RegularImmutableAsList                                : loaded 2 times (x 217B)
Class com.google.common.util.concurrent.AbstractFuture$Trusted                        : loaded 2 times (x 70B)
Class com.google.common.collect.Iterators                                             : loaded 2 times (x 71B)
Class com.google.common.collect.Lists$StringAsImmutableList                           : loaded 2 times (x 207B)
Class com.google.common.util.concurrent.UncheckedExecutionException                   : loaded 2 times (x 82B)
Class org.gradle.kotlin.dsl.VersionCatalogAccessorsKt                                 : loaded 2 times (x 71B)
Class com.google.common.collect.AbstractMapBasedMultimap$KeySet$1                     : loaded 2 times (x 82B)
Class org.objectweb.asm.ClassWriter                                                   : loaded 2 times (x 106B)
Class com.google.common.cache.CacheLoader$UnsupportedLoadingOperationException        : loaded 2 times (x 82B)
Class com.google.common.base.CharMatcher$And                                          : loaded 2 times (x 112B)
Class org.gradle.internal.classloader.ClasspathUtil$1                                 : loaded 2 times (x 76B)
Class org.objectweb.asm.FieldVisitor                                                  : loaded 2 times (x 77B)
Class com.google.common.collect.IndexedImmutableSet                                   : loaded 2 times (x 152B)
Class com.google.common.collect.ImmutableMap$1                                        : loaded 2 times (x 81B)
Class com.google.common.collect.BiMap                                                 : loaded 2 times (x 70B)
Class org.gradle.api.internal.classpath.DefaultModuleRegistry$DefaultModule           : loaded 2 times (x 86B)
Class com.google.common.primitives.Ints                                               : loaded 2 times (x 71B)
Class com.google.common.collect.AbstractIterator                                      : loaded 2 times (x 82B)
Class com.google.common.collect.ObjectArrays                                          : loaded 2 times (x 71B)
Class com.google.common.math.MathPreconditions                                        : loaded 2 times (x 71B)
Class com.google.common.collect.Multiset                                              : loaded 2 times (x 70B)
Class com.google.common.collect.ArrayListMultimapGwtSerializationDependencies         : loaded 2 times (x 172B)
Class com.google.common.collect.AbstractIndexedListIterator                           : loaded 2 times (x 96B)
Class org.apache.commons.io.output.NullOutputStream                                   : loaded 2 times (x 85B)
Class com.google.common.collect.ImmutableMapEntrySet                                  : loaded 2 times (x 152B)
Class org.gradle.api.internal.classpath.Module                                        : loaded 2 times (x 70B)
Class com.google.common.cache.Weigher                                                 : loaded 2 times (x 70B)
Class org.gradle.api.internal.classpath.UnknownModuleException                        : loaded 2 times (x 82B)
Class com.google.common.base.Stopwatch                                                : loaded 2 times (x 72B)
Class com.google.common.cache.LocalCache$Strength                                     : loaded 2 times (x 81B)
Class com.google.common.cache.Cache                                                   : loaded 2 times (x 70B)
Class com.google.common.util.concurrent.AbstractFuture$Cancellation                   : loaded 2 times (x 72B)
Class com.google.common.collect.ImmutableMap$Builder                                  : loaded 2 times (x 82B)
Class com.google.common.cache.RemovalListener                                         : loaded 2 times (x 70B)
Class org.gradle.api.internal.DefaultClassPathRegistry                                : loaded 2 times (x 76B)
Class com.google.common.primitives.IntsMethodsForWeb                                  : loaded 2 times (x 71B)
Class com.google.common.collect.Multimap                                              : loaded 2 times (x 70B)
Class org.gradle.api.internal.ClassPathRegistry                                       : loaded 2 times (x 70B)
Class org.gradle.internal.classpath.DefaultClassPath$ImmutableUniqueList              : loaded 2 times (x 199B)
Class org.apache.commons.io.IOUtils                                                   : loaded 2 times (x 71B)
Class com.google.common.base.MoreObjects                                              : loaded 2 times (x 71B)
Class com.google.common.cache.CacheBuilder                                            : loaded 2 times (x 72B)
Class com.google.common.collect.SingletonImmutableList                                : loaded 2 times (x 207B)
Class Settings_gradle$1                                                               : loaded 2 times (x 75B)
Class org.gradle.internal.classpath.ClassPath                                         : loaded 2 times (x 70B)
Class com.google.common.base.JdkPattern                                               : loaded 2 times (x 75B)
Class com.google.common.collect.ImmutableList$ReverseImmutableList                    : loaded 2 times (x 209B)
Class org.objectweb.asm.SymbolTable$Entry                                             : loaded 2 times (x 74B)
Class org.objectweb.asm.Edge                                                          : loaded 2 times (x 72B)
Class com.google.common.base.Suppliers$SupplierOfInstance                             : loaded 2 times (x 79B)
Class com.google.common.collect.Iterators$1                                           : loaded 2 times (x 81B)
Class com.google.common.cache.LocalCache$ComputingValueReference                      : loaded 2 times (x 96B)
Class com.google.common.collect.SingletonImmutableSet                                 : loaded 2 times (x 146B)
Class com.google.common.collect.ImmutableMap$IteratorBasedImmutableMap                : loaded 2 times (x 126B)
Class com.google.common.cache.LocalCache$Segment                                      : loaded 2 times (x 154B)
Class com.google.common.collect.AbstractListMultimap                                  : loaded 2 times (x 172B)
Class [Lorg.objectweb.asm.SymbolTable$Entry;                                          : loaded 2 times (x 69B)
Class com.google.common.cache.CacheLoader                                             : loaded 2 times (x 74B)
Class com.google.common.collect.Iterators$4                                           : loaded 2 times (x 82B)
Class com.google.common.collect.ImmutableBiMap                                        : loaded 2 times (x 143B)
Class org.gradle.api.internal.classpath.ModuleRegistry                                : loaded 2 times (x 70B)
Class org.gradle.internal.installation.GradleInstallation$1                           : loaded 2 times (x 75B)
Class org.apache.commons.io.output.NullWriter                                         : loaded 2 times (x 99B)
Class com.google.common.collect.ImmutableSet$JdkBackedSetBuilderImpl                  : loaded 2 times (x 76B)
Class com.google.common.util.concurrent.internal.InternalFutureFailureAccess          : loaded 2 times (x 72B)
Class com.google.common.collect.Iterators$5                                           : loaded 2 times (x 82B)
Class com.google.common.cache.LocalCache$LocalManualCache$1                           : loaded 2 times (x 75B)
Class com.google.common.base.CharMatcher$ForPredicate                                 : loaded 2 times (x 112B)
Class com.google.common.base.CharMatcher$AnyOf                                        : loaded 2 times (x 112B)
Class com.google.common.collect.ImmutableCollection                                   : loaded 2 times (x 125B)
Class org.gradle.api.internal.classpath.DefaultModuleRegistry                         : loaded 2 times (x 86B)
Class com.google.common.collect.Lists                                                 : loaded 2 times (x 71B)
Class com.google.common.util.concurrent.ListenableFuture                              : loaded 2 times (x 70B)
Class com.google.common.cache.ReferenceEntry                                          : loaded 2 times (x 70B)
Class com.google.common.base.Converter                                                : loaded 2 times (x 90B)
Class com.google.common.collect.ImmutableSet$CachingAsList                            : loaded 2 times (x 148B)
Class com.google.common.collect.AbstractMapBasedMultimap                              : loaded 2 times (x 139B)
Class com.google.common.util.concurrent.AbstractFuture                                : loaded 2 times (x 106B)
Class com.google.common.base.FunctionalEquivalence                                    : loaded 2 times (x 83B)
Class com.google.common.collect.Iterators$9                                           : loaded 2 times (x 81B)
Class com.google.common.collect.ImmutableAsList                                       : loaded 2 times (x 209B)
Class org.objectweb.asm.RecordComponentVisitor                                        : loaded 2 times (x 77B)
Class com.google.common.cache.CacheLoader$SupplierToCacheLoader                       : loaded 2 times (x 75B)
Class org.gradle.internal.service.ServiceLookupException                              : loaded 2 times (x 82B)
Class [Lcom.google.common.cache.LocalCache$EntryFactory;                              : loaded 2 times (x 69B)
Class org.gradle.internal.classloader.ClassLoaderFactory                              : loaded 2 times (x 70B)
Class org.apache.commons.io.CloseableURLConnection                                    : loaded 2 times (x 116B)
Class com.google.common.base.CommonPattern                                            : loaded 2 times (x 74B)
Class com.google.common.cache.LocalCache$LocalManualCache                             : loaded 2 times (x 99B)
Class com.google.common.base.CharMatcher$IsNot                                        : loaded 2 times (x 111B)
Class org.gradle.internal.service.CachingServiceLocator                               : loaded 2 times (x 82B)
Class com.google.common.collect.AbstractMapBasedMultimap$KeySet                       : loaded 2 times (x 137B)
Class com.google.common.math.IntMath                                                  : loaded 2 times (x 71B)
Class com.google.common.collect.ImmutableMapEntry                                     : loaded 2 times (x 85B)
Class com.google.common.base.Equivalence                                              : loaded 2 times (x 82B)
Class com.google.common.base.Function                                                 : loaded 2 times (x 70B)
Class com.google.common.collect.ImmutableMapEntry$NonTerminalImmutableMapEntry        : loaded 2 times (x 85B)
Class org.apache.commons.io.output.AbstractByteArrayOutputStream                      : loaded 2 times (x 102B)
Class com.google.common.cache.CacheBuilder$OneWeigher                                 : loaded 2 times (x 82B)
Class com.google.common.collect.RegularImmutableList                                  : loaded 2 times (x 213B)
Class org.gradle.internal.classloader.ClasspathUtil                                   : loaded 2 times (x 71B)
Class com.google.common.util.concurrent.Uninterruptibles                              : loaded 2 times (x 71B)
Class com.google.common.util.concurrent.LazyLogger                                    : loaded 2 times (x 72B)
Class com.google.common.collect.Maps                                                  : loaded 2 times (x 71B)
Class org.gradle.api.specs.Spec                                                       : loaded 2 times (x 70B)
Class [Lcom.google.common.collect.ImmutableEntry;                                     : loaded 2 times (x 69B)
Class ijJvmDebugger1_87ufpvzfqnugvc782vfd0dulq$_run_closure1                          : loaded 2 times (x 139B)
Class com.google.common.cache.LocalCache$LoadingValueReference                        : loaded 2 times (x 96B)
Class com.google.common.base.Platform                                                 : loaded 2 times (x 71B)
Class [Lorg.objectweb.asm.AnnotationWriter;                                           : loaded 2 times (x 69B)
Class com.google.common.collect.Maps$8                                                : loaded 2 times (x 82B)
Class ijKotlinCoroutineJvmDebugInit1_7ut23uukl7dyifzi21wnoricb$_run_closure1          : loaded 2 times (x 139B)
Class com.google.common.collect.Sets$SetView                                          : loaded 2 times (x 138B)
Class com.google.common.cache.LocalCache$StrongValueReference                         : loaded 2 times (x 90B)
Class org.objectweb.asm.Type                                                          : loaded 2 times (x 72B)
Class org.gradle.internal.classloader.VisitableURLClassLoader$InstrumentingVisitableURLClassLoader: loaded 2 times (x 123B)
Class com.google.common.math.IntMath$1                                                : loaded 2 times (x 71B)
Class org.objectweb.asm.ByteVector                                                    : loaded 2 times (x 79B)
Class [Lcom.google.common.cache.CacheBuilder$NullListener;                            : loaded 2 times (x 69B)
Class ijJvmDebugger1_87ufpvzfqnugvc782vfd0dulq$_run_closure1$_closure2                : loaded 2 times (x 140B)
Class org.gradle.internal.classloader.VisitableURLClassLoader$Spec                    : loaded 2 times (x 74B)
Class org.gradle.internal.classpath.DefaultClassPath                                  : loaded 2 times (x 90B)
Class org.objectweb.asm.Symbol                                                        : loaded 2 times (x 73B)
Class com.google.common.base.CharMatcher$BitSetMatcher                                : loaded 2 times (x 112B)
Class com.google.common.collect.RegularImmutableMap$Values                            : loaded 2 times (x 207B)
Class com.google.common.collect.ImmutableSet                                          : loaded 2 times (x 145B)
Class org.gradle.internal.classloader.ClassLoaderSpec                                 : loaded 2 times (x 71B)
Class org.objectweb.asm.AnnotationWriter                                              : loaded 2 times (x 79B)
Class com.google.common.cache.CacheStats                                              : loaded 2 times (x 71B)
Class org.objectweb.asm.RecordComponentWriter                                         : loaded 2 times (x 78B)
Class com.google.common.util.concurrent.AbstractFuture$Listener                       : loaded 2 times (x 72B)
Class com.google.common.base.CharMatcher$Or                                           : loaded 2 times (x 112B)
Class Settings_gradle$1$1                                                             : loaded 2 times (x 75B)
Class org.objectweb.asm.Attribute                                                     : loaded 2 times (x 77B)
Class com.google.common.base.Supplier                                                 : loaded 2 times (x 70B)
Class org.gradle.internal.classloader.VisitableURLClassLoader                         : loaded 2 times (x 117B)
Class Settings_gradle                                                                 : loaded 2 times (x 124B)
Class org.gradle.internal.Cast                                                        : loaded 2 times (x 71B)
Class org.gradle.api.Action                                                           : loaded 2 times (x 70B)
Class com.google.common.base.Strings                                                  : loaded 2 times (x 71B)
Class com.google.common.collect.Sets                                                  : loaded 2 times (x 71B)
Class org.objectweb.asm.Handler                                                       : loaded 2 times (x 72B)
Class com.google.common.base.Ticker                                                   : loaded 2 times (x 72B)
Class com.google.common.base.CharMatcher$FastMatcher                                  : loaded 2 times (x 111B)
Class [Lcom.google.common.cache.LocalCache$Segment;                                   : loaded 2 times (x 69B)
Class [Lcom.google.common.cache.LocalCache$Strength;                                  : loaded 2 times (x 69B)
Class com.google.common.cache.CacheBuilder$1                                          : loaded 2 times (x 85B)
Class com.google.common.base.Predicate                                                : loaded 2 times (x 70B)
Class com.google.common.collect.ImmutableMap                                          : loaded 2 times (x 120B)
Class org.gradle.internal.classpath.DefaultClassPath$ImmutableUniqueList$Builder      : loaded 2 times (x 75B)
Class com.google.common.cache.LocalCache                                              : loaded 2 times (x 187B)
Class com.google.common.cache.CacheBuilder$2                                          : loaded 2 times (x 79B)
Class com.google.common.base.CharMatcher$NegatedFastMatcher                           : loaded 2 times (x 113B)
Class com.google.common.collect.ArrayListMultimap                                     : loaded 2 times (x 172B)
Class com.google.common.cache.CacheBuilder$3                                          : loaded 2 times (x 72B)
Class [Lcom.google.common.collect.AbstractMapEntry;                                   : loaded 2 times (x 69B)
Class com.google.common.collect.ImmutableEntry                                        : loaded 2 times (x 82B)
Class org.gradle.api.GradleException                                                  : loaded 2 times (x 82B)
Class org.apache.commons.io.StandardLineSeparator                                     : loaded 2 times (x 79B)
Class com.google.common.collect.CollectPreconditions                                  : loaded 2 times (x 71B)
Class com.google.common.collect.SortedMapDifference                                   : loaded 2 times (x 70B)
Class ijKotlinCoroutineJvmDebugInit1_7ut23uukl7dyifzi21wnoricb                        : loaded 2 times (x 171B)
Class com.google.common.cache.LocalCache$EntryFactory                                 : loaded 2 times (x 83B)
Class com.google.common.cache.LocalCache$AbstractReferenceEntry                       : loaded 2 times (x 107B)
Class org.gradle.internal.IoActions                                                   : loaded 2 times (x 71B)
Class org.objectweb.asm.SymbolTable                                                   : loaded 2 times (x 72B)
Class com.google.common.cache.CacheLoader$InvalidCacheLoadException                   : loaded 2 times (x 82B)
Class com.google.common.collect.ImmutableSet$RegularSetBuilderImpl                    : loaded 2 times (x 77B)
Class org.gradle.internal.classloader.SystemClassLoaderSpec                           : loaded 2 times (x 71B)
Class com.google.common.cache.LocalCache$StrongEntry                                  : loaded 2 times (x 108B)
Class com.google.common.util.concurrent.AbstractFuture$TrustedFuture                  : loaded 2 times (x 114B)
Class com.google.common.cache.LoadingCache                                            : loaded 2 times (x 70B)
Class org.objectweb.asm.MethodWriter                                                  : loaded 2 times (x 106B)
Class [Lcom.google.common.cache.Weigher;                                              : loaded 2 times (x 69B)
Class com.google.common.collect.RegularImmutableMap$BucketOverflowException           : loaded 2 times (x 82B)
Class ijJvmDebugger1_87ufpvzfqnugvc782vfd0dulq                                        : loaded 2 times (x 171B)
Class com.google.common.collect.RegularImmutableBiMap                                 : loaded 2 times (x 149B)
Class com.google.common.cache.LocalCache$ValueReference                               : loaded 2 times (x 70B)
Class com.google.common.base.CharMatcher$Negated                                      : loaded 2 times (x 113B)
Class com.google.common.base.CharMatcher$Is                                           : loaded 2 times (x 111B)
Class com.google.common.base.PatternCompiler                                          : loaded 2 times (x 70B)
Class com.google.common.util.concurrent.AbstractFuture$Failure                        : loaded 2 times (x 72B)
Class com.google.common.base.Equivalence$Equals                                       : loaded 2 times (x 82B)
Class com.google.common.collect.Hashing                                               : loaded 2 times (x 71B)
Class com.google.common.base.Preconditions                                            : loaded 2 times (x 71B)
Class com.google.common.base.Joiner$1                                                 : loaded 2 times (x 80B)
Class org.objectweb.asm.Label                                                         : loaded 2 times (x 73B)
Class org.objectweb.asm.CurrentFrame                                                  : loaded 2 times (x 73B)
Class org.objectweb.asm.ClassTooLargeException                                        : loaded 2 times (x 83B)
Class com.google.common.base.CharMatcher                                              : loaded 2 times (x 111B)
Class com.google.common.collect.PeekingIterator                                       : loaded 2 times (x 70B)
Class com.google.common.base.Joiner$2                                                 : loaded 2 times (x 79B)
Class org.objectweb.asm.Frame                                                         : loaded 2 times (x 73B)
Class org.objectweb.asm.MethodVisitor                                                 : loaded 2 times (x 105B)
Class com.google.common.cache.LocalCache$EntryFactory$1                               : loaded 2 times (x 83B)
Class [Lcom.google.common.cache.RemovalListener;                                      : loaded 2 times (x 69B)
Class com.google.common.base.CharMatcher$1                                            : loaded 2 times (x 113B)
Class com.google.common.base.CharMatcher$NamedFastMatcher                             : loaded 2 times (x 112B)
Class com.google.common.cache.LocalCache$EntryFactory$2                               : loaded 2 times (x 83B)
Class ijKotlinCoroutineJvmDebugInit1_7ut23uukl7dyifzi21wnoricb$_run_closure1$_closure2: loaded 2 times (x 139B)
Class org.gradle.api.internal.classpath.GlobalCacheRootsProvider                      : loaded 2 times (x 70B)
Class org.objectweb.asm.ModuleWriter                                                  : loaded 2 times (x 82B)
Class com.google.common.cache.LocalCache$EntryFactory$3                               : loaded 2 times (x 83B)
Class com.google.common.base.Ticker$1                                                 : loaded 2 times (x 72B)
Class com.google.common.collect.Maps$BiMapConverter                                   : loaded 2 times (x 90B)
Class com.google.common.collect.ImmutableMapEntrySet$RegularEntrySet                  : loaded 2 times (x 152B)
Class com.google.common.collect.ImmutableSet$Builder                                  : loaded 2 times (x 85B)
Class com.google.common.cache.LocalCache$EntryFactory$4                               : loaded 2 times (x 83B)
Class com.google.common.base.CharMatcher$InRange                                      : loaded 2 times (x 111B)
Class com.google.common.cache.LocalCache$EntryFactory$5                               : loaded 2 times (x 83B)
Class com.google.common.base.PairwiseEquivalence                                      : loaded 2 times (x 83B)
Class org.apache.commons.io.output.AppendableWriter                                   : loaded 2 times (x 100B)
Class com.google.common.cache.LocalCache$EntryFactory$6                               : loaded 2 times (x 83B)
Class org.gradle.internal.installation.CurrentGradleInstallationLocator               : loaded 2 times (x 71B)
Class org.apache.commons.io.output.ThresholdingOutputStream                           : loaded 2 times (x 95B)
Class com.google.common.collect.Maps$KeySet                                           : loaded 2 times (x 137B)
Class com.google.common.collect.ImmutableSet$EmptySetBuilderImpl                      : loaded 2 times (x 76B)
Class com.google.common.cache.LocalCache$EntryFactory$7                               : loaded 2 times (x 83B)
Class com.google.common.collect.ImmutableList                                         : loaded 2 times (x 206B)
Class org.gradle.internal.service.DefaultServiceLocator                               : loaded 2 times (x 83B)
Class com.google.common.cache.LocalCache$EntryFactory$8                               : loaded 2 times (x 83B)
Class com.google.common.collect.ImmutableSet$SetBuilderImpl                           : loaded 2 times (x 76B)
Class org.gradle.internal.installation.CurrentGradleInstallation                      : loaded 2 times (x 73B)
Class com.google.common.cache.CacheLoader$1                                           : loaded 2 times (x 75B)
Class com.google.common.collect.ForwardingObject                                      : loaded 2 times (x 72B)
Class com.google.common.collect.ImmutableList$SubList                                 : loaded 2 times (x 209B)
Class org.gradle.util.internal.GUtil                                                  : loaded 2 times (x 71B)
Class com.google.common.cache.AbstractCache$StatsCounter                              : loaded 2 times (x 70B)
Class com.google.common.collect.Iterators$MergingIterator                             : loaded 2 times (x 81B)
Class com.google.common.collect.RegularImmutableSet                                   : loaded 2 times (x 149B)
Class org.gradle.internal.installation.GradleInstallation                             : loaded 2 times (x 75B)
Class com.google.common.collect.Iterables                                             : loaded 2 times (x 71B)

---------------  S Y S T E M  ---------------

OS:
 Windows 11 , 64 bit Build 26100 (10.0.26100.8521)
OS uptime: 6 days 8:44 hours

CPU: total 4 (initial active 4) (2 cores per cpu, 2 threads per core) family 6 model 140 stepping 1 microcode 0xbe, cx8, cmov, fxsr, ht, mmx, 3dnowpref, sse, sse2, sse3, ssse3, sse4.1, sse4.2, popcnt, lzcnt, tsc, tscinvbit, avx, avx2, aes, erms, clmul, bmi1, bmi2, adx, avx512f, avx512dq, avx512cd, avx512bw, avx512vl, sha, fma, vzeroupper, avx512_vpopcntdq, avx512_vpclmulqdq, avx512_vaes, avx512_vnni, clflush, clflushopt, clwb, avx512_vbmi2, avx512_vbmi, rdtscp, rdpid, fsrm, gfni, avx512_bitalg, f16c, pku, cet_ibt, cet_ss, avx512_ifma
Processor Information for the first 4 processors :
  Max Mhz: 2995, Current Mhz: 2995, Mhz Limit: 2995

Memory: 4k page, system-wide physical 7914M (1274M free)
TotalPageFile size 18198M (AvailPageFile size 34M)
current process WorkingSet (physical memory assigned to process): 518M, peak: 518M
current process commit charge ("private bytes"): 559M, peak: 618M

vm_info: OpenJDK 64-Bit Server VM (21.0.9+-14787801-b1163.94) for windows-amd64 JRE (21.0.9+-14787801-b1163.94), built on 2026-01-27T21:15:44Z by "builder" with MS VC++ 16.10 / 16.11 (VS2019)

END.
